,mean_fit_time,std_fit_time,mean_score_time,std_score_time,param_max_depth,param_max_features,param_min_samples_leaf,param_n_estimators,params,split0_test_score,split1_test_score,split2_test_score,split3_test_score,split4_test_score,mean_test_score,std_test_score,rank_test_score,split0_train_score,split1_train_score,split2_train_score,split3_train_score,split4_train_score,mean_train_score,std_train_score
35,683.5955707073211,6.0273766152875625,3.0845839977264404,0.05511664282670318,26,,2,461,"{'max_depth': 26, 'max_features': None, 'min_samples_leaf': 2, 'n_estimators': 461}",-0.7576124892955617,-0.7750979384718715,-0.7532569922181498,-0.7628235721632876,-0.771775059903998,-0.7641132104105737,0.008260123528205746,1,-0.35630365752184734,-0.3520492467595215,-0.3556557623479038,-0.3537847257721622,-0.35108968433436627,-0.3537766153471602,0.002006021031151951
80,668.6372129440308,1.6643832455374399,3.057752275466919,0.05031618968922822,38,,2,453,"{'max_depth': 38, 'max_features': None, 'min_samples_leaf': 2, 'n_estimators': 453}",-0.7575384762670108,-0.7751619319556459,-0.7536020189951016,-0.7628792675744637,-0.771804221346736,-0.7641971832277916,0.008202749889940155,2,-0.3532226715786304,-0.34848445612317264,-0.352489123618118,-0.35012740871567977,-0.34794658356294605,-0.35045404871970937,0.0021014362982503146
130,623.0214271068573,1.2634726174082458,3.022848892211914,0.28557131984438544,28,,2,423,"{'max_depth': 28, 'max_features': None, 'min_samples_leaf': 2, 'n_estimators': 423}",-0.7579493484619839,-0.77500072270095,-0.7532085007515081,-0.7630509629454911,-0.7719018118542573,-0.7642222693428381,0.008211881923347139,3,-0.3544405698371594,-0.34977318178103894,-0.3537036418403634,-0.35156887431277006,-0.34915897752881914,-0.35172904906003016,0.002083636341167879
122,550.8784636497497,2.734942369793857,2.5090301036834717,0.018810887030291993,26,,2,377,"{'max_depth': 26, 'max_features': None, 'min_samples_leaf': 2, 'n_estimators': 377}",-0.7579425549866832,-0.7749707116612524,-0.7532632865099518,-0.763151294050745,-0.7721051929166839,-0.7642866080250632,0.008225933432941096,4,-0.3567627950289151,-0.3521951005165461,-0.3559648480071599,-0.3540028871694695,-0.3514351876429665,-0.35407216367301136,0.002064149170599699
98,518.7308118343353,1.6153887997080374,2.34711332321167,0.033494312687311956,29,,2,351,"{'max_depth': 29, 'max_features': None, 'min_samples_leaf': 2, 'n_estimators': 351}",-0.7577285404024451,-0.7753025428364096,-0.7533288967755177,-0.7629357247873719,-0.772163126381739,-0.7642917662366967,0.008346194347704488,5,-0.3543641482885738,-0.3494332568652124,-0.35363507246794285,-0.3513419723777265,-0.34908492593695045,-0.3515718751872812,0.002138458898093764
179,535.6087072372436,5.095160401251765,2.464661741256714,0.050144292437242895,43,,2,360,"{'max_depth': 43, 'max_features': None, 'min_samples_leaf': 2, 'n_estimators': 360}",-0.7576531902406043,-0.7753788115799006,-0.7534829914823804,-0.7630698702186227,-0.7720633518113051,-0.7643296430665627,0.008315122083757316,6,-0.3536301656758987,-0.34854757967219735,-0.35280979169121657,-0.3503751809518375,-0.3483980383850763,-0.35075215127524534,0.0021476005703650854
77,532.6358562946319,3.7802907025382395,2.423222017288208,0.02329930617366733,47,,2,360,"{'max_depth': 47, 'max_features': None, 'min_samples_leaf': 2, 'n_estimators': 360}",-0.7576670609481031,-0.7753770095190338,-0.7534869252694062,-0.7630585363525869,-0.7720696098523188,-0.7643318283882896,0.008312900931611555,7,-0.353634074193841,-0.348545892335832,-0.3528071731610192,-0.35037382475733436,-0.34839715513007025,-0.35075162391561937,0.002148734956893535
7,474.48371663093565,3.7262153901751054,2.2020273208618164,0.032125130300826095,31,,2,318,"{'max_depth': 31, 'max_features': None, 'min_samples_leaf': 2, 'n_estimators': 318}",-0.7578283219491013,-0.7752807431293502,-0.7533102679901482,-0.7630508871939157,-0.7721997779027963,-0.7643339996330623,0.008333001139519989,8,-0.35400026513570887,-0.3488755563858982,-0.3533410303588744,-0.3510279197038141,-0.34872735504423785,-0.35119442532570666,0.0021896101599897244
43,576.7676564693451,6.454717068091892,2.657634210586548,0.05458409492180681,41,,2,386,"{'max_depth': 41, 'max_features': None, 'min_samples_leaf': 2, 'n_estimators': 386}",-0.7577565019484516,-0.7752072905834441,-0.7534866076319641,-0.7632663026106049,-0.7721101918345408,-0.764365378921801,0.00825544746086478,9,-0.35355282210419475,-0.3486385628055015,-0.35266621686812744,-0.3501995430666307,-0.34822431606911314,-0.35065629218271355,0.0021271597137451637
91,562.0072065353394,4.47520205774409,2.5468345642089845,0.01812019685951418,44,,2,379,"{'max_depth': 44, 'max_features': None, 'min_samples_leaf': 2, 'n_estimators': 379}",-0.7578249555389803,-0.7751640443684115,-0.7535371707026287,-0.7632848258192223,-0.7721578471434782,-0.7643937687145442,0.008228299129027804,10,-0.35363660586705764,-0.3486358892816025,-0.3527478282452142,-0.3502255103465803,-0.3482765459369229,-0.3507044759354755,0.0021529504153692553
96,649.2211788654328,5.511978168759683,2.8726284503936768,0.03654210585200743,24,,2,443,"{'max_depth': 24, 'max_features': None, 'min_samples_leaf': 2, 'n_estimators': 443}",-0.757944613264715,-0.7756836586749017,-0.7537372076744785,-0.7631058031825522,-0.7716994525820421,-0.7644341470757379,0.00821753289566699,11,-0.36099580863120967,-0.35741107621592677,-0.36035940457012783,-0.35924873394295975,-0.3558608183476408,-0.35877516834157297,0.001898393811463937
128,399.4837369441986,2.6918659368995934,1.8501669883728027,0.026736794275299635,28,,2,270,"{'max_depth': 28, 'max_features': None, 'min_samples_leaf': 2, 'n_estimators': 270}",-0.7582056305224263,-0.7753132773320877,-0.7534841777992174,-0.762985450429006,-0.7724947069815731,-0.7644966486128622,0.008295824690835021,12,-0.35520757841641887,-0.3502030003026947,-0.3544885051908938,-0.35277254295814686,-0.34989013540433933,-0.35251235245449875,0.002165467678851263
131,513.3779849529267,3.900856375029396,2.3069228649139406,0.035479823692835956,25,,2,346,"{'max_depth': 25, 'max_features': None, 'min_samples_leaf': 2, 'n_estimators': 346}",-0.7579502616600566,-0.775566429414857,-0.7535027653617884,-0.7632225092117576,-0.7724618455415135,-0.7645407622379946,0.008382347658554237,13,-0.35857920503325963,-0.3542912410498118,-0.35791110566622136,-0.35644954599370066,-0.35338850814046824,-0.35612392117669234,0.002008466064617094
64,432.43673224449157,4.0372302182998405,1.9845706939697265,0.029480231439023688,42,,2,290,"{'max_depth': 42, 'max_features': None, 'min_samples_leaf': 2, 'n_estimators': 290}",-0.7581564352733651,-0.775537353957709,-0.7537772942381329,-0.7630473412633968,-0.7725858134582755,-0.7646208476381758,0.008300096271889063,14,-0.35397884661390516,-0.34871324132004977,-0.3530385808869971,-0.3508211785201663,-0.3485551896726688,-0.35102140740275745,0.0022029701639442547
26,416.9829460144043,3.5264565704835262,1.897482442855835,0.026737118897946856,38,,2,281,"{'max_depth': 38, 'max_features': None, 'min_samples_leaf': 2, 'n_estimators': 281}",-0.75823132641202,-0.7752780936312836,-0.7538373122076083,-0.7631277434418253,-0.772674579347837,-0.7646298110081149,0.008219234306451814,15,-0.35412028977828913,-0.34878969073964433,-0.35323029954612806,-0.35099602184282197,-0.34866493088372746,-0.35116024655812217,0.002232490994334489
190,374.32657914161683,2.8953797298807937,1.7162440776824952,0.01900031118436355,34,,2,252,"{'max_depth': 34, 'max_features': None, 'min_samples_leaf': 2, 'n_estimators': 252}",-0.7583049480370111,-0.7753526426404594,-0.7538339599901858,-0.7629624040928052,-0.7727212766391811,-0.7646350462799286,0.00824360763088302,16,-0.3541307814390575,-0.3491215881592091,-0.3535068062390169,-0.3514148085798059,-0.3488824109413121,-0.3514112790716803,0.0021644767583916882
169,415.73052711486815,3.6891184388807137,1.890053939819336,0.010787674414465744,46,,2,279,"{'max_depth': 46, 'max_features': None, 'min_samples_leaf': 2, 'n_estimators': 279}",-0.7581311415256334,-0.7753740818155002,-0.753794800784398,-0.7632002844400116,-0.7726787216954756,-0.7646358060522038,0.008269193872830304,17,-0.3540479441221312,-0.34877153958275015,-0.35317473699409735,-0.35107418685527325,-0.34867536326742543,-0.3511487541643355,0.002203827616546887
158,374.5246383190155,1.078522031216808,1.6949182033538819,0.008931328302203466,30,,2,253,"{'max_depth': 30, 'max_features': None, 'min_samples_leaf': 2, 'n_estimators': 253}",-0.7581667223395081,-0.7753372738403196,-0.7537579379429773,-0.7631191779791282,-0.77281931061503,-0.7646400845433925,0.008294194205805345,18,-0.3544750265653848,-0.34951720976613865,-0.3537631121940491,-0.35182517926239026,-0.3492066109250332,-0.3517574277425992,0.0021418658579688073
14,410.5743655204773,3.343858263572231,1.8725551128387452,0.028269465234159064,49,,2,277,"{'max_depth': 49, 'max_features': None, 'min_samples_leaf': 2, 'n_estimators': 277}",-0.7580963988033979,-0.7753666105301755,-0.7538902818304698,-0.7633188454852629,-0.7726714516813326,-0.7646687176661277,0.008242340355144576,19,-0.3540529881572355,-0.348795605159073,-0.3531633338629874,-0.35108411784866783,-0.34869413875820543,-0.35115803675723384,0.0021935952453159637
152,397.4969690322876,3.2264463229918436,1.8127914428710938,0.035339184643702844,37,,2,268,"{'max_depth': 37, 'max_features': None, 'min_samples_leaf': 2, 'n_estimators': 268}",-0.7581135933168222,-0.7756205149670712,-0.7540280295229831,-0.7631703919818127,-0.7726249279867677,-0.7647114915550913,0.008266472984412658,20,-0.3540494904992785,-0.3489485379610153,-0.3533389553857335,-0.3513778113806828,-0.34878693659209964,-0.35130034636376195,0.002171080491122911
106,679.9256818771362,4.4644417772442955,3.043004560470581,0.05598338544227664,22,,2,473,"{'max_depth': 22, 'max_features': None, 'min_samples_leaf': 2, 'n_estimators': 473}",-0.7581980106739318,-0.7758712890282747,-0.753801114190915,-0.7634789121633135,-0.7724085041559261,-0.7647515660424722,0.008327761670127014,21,-0.37111932887547583,-0.36849898522835833,-0.3703645915763532,-0.37016421484593964,-0.3660728568839769,-0.36924399548202075,0.0018016978052402622
180,501.2021050453186,2.359170892517156,2.2792160511016846,0.04864556074234016,23,,2,346,"{'max_depth': 23, 'max_features': None, 'min_samples_leaf': 2, 'n_estimators': 346}",-0.7583539585975388,-0.7758152414293767,-0.7538584905671383,-0.7632954445715325,-0.7725055311528191,-0.7647657332636811,0.008297429102046122,22,-0.3656392703783415,-0.3620358899348105,-0.36488139702386757,-0.36426909672527846,-0.3604069560704102,-0.3634465220265416,0.0019376524366959687
157,364.06921048164367,3.5393338002661046,1.6472391128540038,0.012581440340443307,30,,2,245,"{'max_depth': 30, 'max_features': None, 'min_samples_leaf': 2, 'n_estimators': 245}",-0.758250706547995,-0.7754794536401644,-0.7538599528651183,-0.7633085421567121,-0.7729359099882214,-0.7647669130396422,0.008307112737724767,23,-0.35454939219638293,-0.34965542359726404,-0.35387412086702413,-0.35184143359245973,-0.34926639595822534,-0.3518373532422713,0.0021388890867582804
149,343.97080793380735,2.7840681099986364,1.5454396247863769,0.00982449848261151,41,,2,232,"{'max_depth': 41, 'max_features': None, 'min_samples_leaf': 2, 'n_estimators': 232}",-0.758197213014696,-0.7758504437334074,-0.7539160426707522,-0.7634651826633747,-0.7728131303745646,-0.764848402491359,0.008368391859126408,24,-0.3542435376291879,-0.3491973883404195,-0.3534974132666158,-0.3515277709649191,-0.34894790392965447,-0.35148280282615935,0.002160146559846533
136,365.2091588973999,2.827556231978066,1.664296817779541,0.017464841944204387,46,,2,246,"{'max_depth': 46, 'max_features': None, 'min_samples_leaf': 2, 'n_estimators': 246}",-0.7582896651075198,-0.7758792327337827,-0.7541330611853765,-0.7633858922936267,-0.7728928429000128,-0.7649161388440637,0.008322785684018277,25,-0.3540876296554794,-0.3491489241342121,-0.3534160754514358,-0.3513284232829909,-0.3488417145678469,-0.351364553418393,0.002140043047346172
46,290.68119764328003,0.6032417214819644,1.3261754035949707,0.030409672578853904,41,,2,196,"{'max_depth': 41, 'max_features': None, 'min_samples_leaf': 2, 'n_estimators': 196}",-0.7579520679457262,-0.776184521586098,-0.7536217912284728,-0.7637838691331769,-0.7731243365261918,-0.7649333172839332,0.00862197297088031,26,-0.3547087760127058,-0.34953445985096543,-0.35394426910506827,-0.3520616520194904,-0.34925291247659995,-0.35190041389296595,0.0022224869824406667
89,272.73583273887635,2.7558719252562582,1.220408296585083,0.008165708770034013,34,,2,183,"{'max_depth': 34, 'max_features': None, 'min_samples_leaf': 2, 'n_estimators': 183}",-0.7584212938331784,-0.7758782091831167,-0.7535412621422456,-0.7636252228824293,-0.773456656900224,-0.7649845289882388,0.008559454941102655,27,-0.3548956302623404,-0.34971084469813524,-0.35404024413131,-0.3523422057430154,-0.34941002269484983,-0.35207978950593016,0.0022172396403205836
22,245.49276480674743,1.1966090733177948,1.1405144214630127,0.025295748996016717,43,,2,165,"{'max_depth': 43, 'max_features': None, 'min_samples_leaf': 2, 'n_estimators': 165}",-0.7584651001383751,-0.7765095659395823,-0.7538520705797415,-0.7641041268176996,-0.773370717144436,-0.7652603161239668,0.008602139577187268,28,-0.3550361876959188,-0.3497057469146165,-0.35404056331111505,-0.3525468055823876,-0.3495743618530752,-0.35218073307142256,0.00222105047761311
81,366.7238411426544,2.75041094478527,1.5936039447784425,0.013607674082721006,22,,2,254,"{'max_depth': 22, 'max_features': None, 'min_samples_leaf': 2, 'n_estimators': 254}",-0.7590752414080039,-0.7761390609563081,-0.7541875997274813,-0.7637050522707959,-0.773519608257815,-0.7653253125240809,0.008364459531987991,29,-0.37194058310857164,-0.369006175493268,-0.37115872199381467,-0.37161564969480965,-0.36699087460338264,-0.37014240097876927,0.0018793592528060375
175,225.2801305294037,2.0471268442625594,1.0261112213134767,0.011414389714032448,35,,2,151,"{'max_depth': 35, 'max_features': None, 'min_samples_leaf': 2, 'n_estimators': 151}",-0.7583863440664688,-0.7766712969242086,-0.7537596708497657,-0.7642078225650232,-0.7738245948567786,-0.7653699458524489,0.008764945361059913,30,-0.3551371086960204,-0.35000503786193676,-0.3546119616397139,-0.3530332977732602,-0.3500857585871614,-0.35257463291161856,0.0021782873120671873
151,241.20697174072265,0.26799885936752976,1.0930898666381836,0.022695224550506484,24,,2,166,"{'max_depth': 24, 'max_features': None, 'min_samples_leaf': 2, 'n_estimators': 166}",-0.7589679687380217,-0.777051193462023,-0.7540026990544777,-0.763970696443338,-0.7729776096467073,-0.7653940334689135,0.008561339880005327,31,-0.3627397258239963,-0.3586212409610007,-0.3618621546316438,-0.3616298867953687,-0.35742765546616817,-0.36045613273563554,0.0020546481915066084
188,645.3119481563568,4.95606880373089,2.7826674938201905,0.008361760649888939,20,,2,460,"{'max_depth': 20, 'max_features': None, 'min_samples_leaf': 2, 'n_estimators': 460}",-0.7588428302436516,-0.7767703680185083,-0.7544264688686486,-0.7639997198875595,-0.7732006735259294,-0.7654480121088595,0.008432080355630749,32,-0.3910095634255087,-0.38946719866634794,-0.39009575937007956,-0.39086842951189743,-0.38628368153313103,-0.38954492650139294,0.001722904451609412
68,272.86895937919616,1.1447074817044693,1.2091128826141357,0.022864639401114214,22,,2,189,"{'max_depth': 22, 'max_features': None, 'min_samples_leaf': 2, 'n_estimators': 189}",-0.7592229003111608,-0.7768273375547438,-0.7535886184793853,-0.7640169064058835,-0.7738188131094306,-0.7654949151721209,0.008729188452468483,33,-0.37251833666592277,-0.3694729795507497,-0.3718423725960043,-0.3722538572739232,-0.3674806031784122,-0.3707136298530024,0.0019439651241587857
139,193.44611988067626,1.49198371443104,0.8747366428375244,0.019905891251104705,26,,2,130,"{'max_depth': 26, 'max_features': None, 'min_samples_leaf': 2, 'n_estimators': 130}",-0.758921129863811,-0.7769411455967089,-0.7541870100535083,-0.7645336678787028,-0.7735259682290849,-0.7656217843243631,0.008572524634411752,34,-0.3589845260075709,-0.35435134317240724,-0.3586119105325474,-0.3576119370248559,-0.3540938297014042,-0.3567307092877571,0.0020980794702939558
103,202.53021697998048,1.1693974737873583,0.9274223804473877,0.027656490657829796,43,,2,136,"{'max_depth': 43, 'max_features': None, 'min_samples_leaf': 2, 'n_estimators': 136}",-0.7585296299884626,-0.7772038212308576,-0.7541827052638997,-0.7647066981963689,-0.7736616613278127,-0.7656569032014804,0.008726575501922379,35,-0.3554322598641859,-0.35039093108382063,-0.3548741065141187,-0.3536406898673939,-0.35051706023365026,-0.3529710095126339,0.0021357282144635705
55,192.27499108314515,2.1303924219869854,0.8854429721832275,0.022975000026397536,39,,2,128,"{'max_depth': 39, 'max_features': None, 'min_samples_leaf': 2, 'n_estimators': 128}",-0.7586499820557469,-0.7771584621826041,-0.7544438927503446,-0.7647558355970815,-0.7736149775245388,-0.7657246300220631,0.008616662247807584,36,-0.35574142051575763,-0.3507373516511018,-0.3554504389252388,-0.3539469905511932,-0.350859500806753,-0.3533471404900089,0.002168668265209612
62,822.0641374588013,1.5720571524111737,4.105544853210449,0.061655403468694504,34,,1,490,"{'max_depth': 34, 'max_features': None, 'min_samples_leaf': 1, 'n_estimators': 490}",-0.7592037677285823,-0.7766380280166731,-0.7559160020021605,-0.7638162192385958,-0.7732048668611086,-0.7657557767694241,0.007967737555409667,37,-0.2839981893228569,-0.2812559002571962,-0.28358594184482167,-0.28226046001617655,-0.2815598150768048,-0.2825320613035712,0.0010869970161156769
19,173.25601358413695,1.5992642921181182,0.7915428638458252,0.024123707233253435,42,,2,116,"{'max_depth': 42, 'max_features': None, 'min_samples_leaf': 2, 'n_estimators': 116}",-0.7590222981092992,-0.7772771525296117,-0.7547691639777305,-0.7647701782791618,-0.7735601871371568,-0.765879796006592,0.008492241360494212,38,-0.3561832124402209,-0.35129674571472924,-0.3561667539367636,-0.35451746048878774,-0.3513948819815014,-0.35391181091240054,0.002181024602536851
66,622.0018255233765,4.353599518993249,2.5894901275634767,0.018222741777488505,36,,4,470,"{'max_depth': 36, 'max_features': None, 'min_samples_leaf': 4, 'n_estimators': 470}",-0.7598948061717269,-0.7760682490189913,-0.7547444268969936,-0.7651711078772673,-0.7736894562473626,-0.7659136092424683,0.008063602651205256,39,-0.46489870367538455,-0.4595455727178185,-0.4646823954858518,-0.4620937862813693,-0.4597236888280843,-0.4621888293977016,0.0023079881947056092
99,620.936018896103,3.868141349901799,2.599277210235596,0.03191941863971138,42,,4,469,"{'max_depth': 42, 'max_features': None, 'min_samples_leaf': 4, 'n_estimators': 469}",-0.7598845462368112,-0.7760475061187384,-0.754763937849871,-0.7651786992264892,-0.7737139037881926,-0.7659177186440205,0.008059097245767675,40,-0.4649127742762318,-0.4595380808077236,-0.4646900093844596,-0.4620781616364608,-0.4597412817686216,-0.4621920615746995,0.0023110573177596507
18,649.0700921058655,2.9619794229968517,2.736291694641113,0.03855227392942,31,,4,494,"{'max_depth': 31, 'max_features': None, 'min_samples_leaf': 4, 'n_estimators': 494}",-0.7598588535823887,-0.7761278320903316,-0.7546414741766817,-0.765156722870071,-0.773808633251686,-0.7659187031942318,0.008135792460179129,41,-0.46493278170239405,-0.459414496112884,-0.4645962996349621,-0.4620834711374278,-0.45970542477210863,-0.4621464946719553,0.00233201844423981
146,779.0951847076416,5.409980136507318,3.935515880584717,0.05358101972655996,37,,1,463,"{'max_depth': 37, 'max_features': None, 'min_samples_leaf': 1, 'n_estimators': 463}",-0.7593182957097414,-0.7769787111588796,-0.7560321815274609,-0.7642798082203753,-0.7731014963605308,-0.7659420985953976,0.007973809923594947,42,-0.2838112148555415,-0.28125012397535254,-0.28366410111394175,-0.2822408824183589,-0.281466871364402,-0.2824866387455193,0.0010742634649901575
41,657.9383370399476,5.871410236544421,2.7611648559570314,0.02495949914272756,31,,4,498,"{'max_depth': 31, 'max_features': None, 'min_samples_leaf': 4, 'n_estimators': 498}",-0.7599299647834287,-0.7761038179501105,-0.7546699910529379,-0.7651505643738841,-0.7738728004841127,-0.7659454277288947,0.008123905527781469,43,-0.4649380948720883,-0.4594005509186181,-0.4645885957297006,-0.4620976754821735,-0.459732661836589,-0.4621515157678339,0.0023292034073253243
171,610.4053539752961,4.354151211587417,2.575329875946045,0.02082183278093133,45,,4,462,"{'max_depth': 45, 'max_features': None, 'min_samples_leaf': 4, 'n_estimators': 462}",-0.760009129568461,-0.7761078434507854,-0.7547711147565582,-0.7651306583664113,-0.773719040783718,-0.7659475573851868,0.008055712084239467,44,-0.46493479654357706,-0.45953506727167875,-0.4647372913564856,-0.4620977128353339,-0.4597665693511114,-0.46221428747163734,0.0023216310101612765
142,591.7341615200042,3.911952902891844,2.4782601833343505,0.012326849535575635,44,,4,447,"{'max_depth': 44, 'max_features': None, 'min_samples_leaf': 4, 'n_estimators': 447}",-0.7601069855252935,-0.7761967554488565,-0.7548298759513293,-0.7652048399333787,-0.7738218301138328,-0.7660320573945382,0.00806574584305831,45,-0.4649252150118573,-0.4595204937816751,-0.4647594782561441,-0.46212369139152526,-0.45976089265959,-0.4622179542201583,0.0023285590063483646
191,582.1209432601929,1.1457072692049346,2.4860504627227784,0.03060785906809562,47,,4,442,"{'max_depth': 47, 'max_features': None, 'min_samples_leaf': 4, 'n_estimators': 442}",-0.7601821977419845,-0.7761682962341856,-0.754867689120667,-0.7652003229680211,-0.77379871624595,-0.7660434444621617,0.008032676244782863,46,-0.46498801544719115,-0.4595600697664733,-0.4647968188719993,-0.46212787144601325,-0.4597493967735548,-0.46224443446104635,0.00234463287619866
125,466.3352735042572,4.618798482411325,1.9945470333099364,0.04198747758324958,31,,4,355,"{'max_depth': 31, 'max_features': None, 'min_samples_leaf': 4, 'n_estimators': 355}",-0.7599443704815658,-0.7761100761030754,-0.7545403049494708,-0.765548350492417,-0.7742464708975592,-0.7660779145848176,0.008226625243135662,47,-0.46530246514346163,-0.4597195449242499,-0.46495300388018446,-0.46241362456492385,-0.46007298983254696,-0.46249232566907333,0.0023451871540118574
154,476.78248500823975,4.2856194497493565,2.013857126235962,0.03467404133593112,32,,4,362,"{'max_depth': 32, 'max_features': None, 'min_samples_leaf': 4, 'n_estimators': 362}",-0.7600446084939354,-0.7760976556342558,-0.7545224978963425,-0.7656575317363398,-0.7742718675408826,-0.7661188322603513,0.00821745536565922,48,-0.46524440073428014,-0.45958256204477155,-0.46482299854301473,-0.462357891896744,-0.46009141623773286,-0.46241985389130863,0.002333617590906857
150,567.0035144329071,4.550241412242801,2.8110273361206053,0.01389616975554123,48,,1,336,"{'max_depth': 48, 'max_features': None, 'min_samples_leaf': 1, 'n_estimators': 336}",-0.759735585636615,-0.7767531663566309,-0.7564827458536281,-0.7641744310373413,-0.7735087867664492,-0.7661309431301329,0.007811279673919983,49,-0.28453551513509073,-0.28159834163677555,-0.2841220667881451,-0.2827362490542498,-0.2819580143724552,-0.2829900373973433,0.001160714359046495
143,555.575972366333,2.0258491665531344,2.356861782073975,0.03265528194777891,31,,4,424,"{'max_depth': 31, 'max_features': None, 'min_samples_leaf': 4, 'n_estimators': 424}",-0.7602873499798007,-0.7762806332604689,-0.7547551103950262,-0.7652995316970858,-0.7740996003993974,-0.7661444451463557,0.008133427238124996,50,-0.46509974841002955,-0.45964406904608207,-0.46488424600237366,-0.462136475642345,-0.45981964080818677,-0.4623168359818034,0.0023557755613287544
114,478.26985054016114,2.6613514655630173,2.046070098876953,0.018176312461729915,25,,4,362,"{'max_depth': 25, 'max_features': None, 'min_samples_leaf': 4, 'n_estimators': 362}",-0.7601965361420545,-0.7761724338191553,-0.7543546049721273,-0.7657181225809077,-0.7743156478904533,-0.7661514690809397,0.008269081789603594,51,-0.46653752305875407,-0.4612054675353308,-0.466188660172412,-0.4640157749065084,-0.4614400132689727,-0.46387748778839566,0.0022590884454067434
13,544.0895417690277,4.694071938155792,2.295584297180176,0.02543730706482578,34,,4,413,"{'max_depth': 34, 'max_features': None, 'min_samples_leaf': 4, 'n_estimators': 413}",-0.7603941791606982,-0.776272952154426,-0.7546996095586047,-0.7653130145559636,-0.7741077126319663,-0.7661574936123317,0.00813314858232275,52,-0.465125417355522,-0.45966397056794966,-0.46484499454821615,-0.4621783633935139,-0.4598608451075577,-0.4623347181945519,0.002339524607187038
194,551.5785284042358,3.9545600273674575,2.3206315994262696,0.012554469816567606,31,,4,417,"{'max_depth': 31, 'max_features': None, 'min_samples_leaf': 4, 'n_estimators': 417}",-0.760300667653114,-0.7762970630792013,-0.7547644697789524,-0.7652998505861099,-0.7741468304092997,-0.7661617763013353,0.00814222615341379,53,-0.46514977315509304,-0.45969137683481515,-0.4648585496135708,-0.4621942130621299,-0.4598625526901529,-0.46235129307115236,0.002341430475042762
198,501.9439934253693,2.7565684342287105,2.0170568466186523,0.03758183424443068,39,,4,387,"{'max_depth': 39, 'max_features': None, 'min_samples_leaf': 4, 'n_estimators': 387}",-0.7603201217076255,-0.7762081730955255,-0.7546094827684365,-0.7655744879095675,-0.7740993641702324,-0.7661623259302774,0.008146909967955794,54,-0.46522207515446173,-0.45968326238839835,-0.4647993459184662,-0.462243439043316,-0.45991237598328205,-0.4623720996975848,0.002337114661779231
129,525.5180313587189,5.548421177516965,2.2333895683288576,0.009277281355344127,47,,4,399,"{'max_depth': 47, 'max_features': None, 'min_samples_leaf': 4, 'n_estimators': 399}",-0.760369760088234,-0.7762683167270132,-0.7545930348682619,-0.7654513153996446,-0.774143183084664,-0.7661651220335636,0.008169858536084651,55,-0.46519157055779886,-0.45972307247903216,-0.4648276565583472,-0.4622382772668334,-0.45991492666484524,-0.46237910070537136,0.0023260216386745323
121,739.4929946899414,6.828413998264432,3.812933588027954,0.09455648385377893,31,,1,441,"{'max_depth': 31, 'max_features': None, 'min_samples_leaf': 1, 'n_estimators': 441}",-0.7597563188740403,-0.7768308375664664,-0.7563506001578388,-0.7644062585853729,-0.7735205378724774,-0.7661729106112392,0.007853031578930718,56,-0.2843977209049149,-0.2820176297475416,-0.28425556536663044,-0.28297367288942005,-0.28216386075937977,-0.2831616899335773,0.0010064018287133994
17,808.3488249778748,7.202072894198169,3.957584190368652,0.024566021389009526,25,,1,492,"{'max_depth': 25, 'max_features': None, 'min_samples_leaf': 1, 'n_estimators': 492}",-0.759846627971372,-0.7769986468933826,-0.756121867842271,-0.7640884387751367,-0.7738315040373693,-0.7661774171039063,0.008015495660201143,57,-0.2933528335362097,-0.2920180235577325,-0.2931010862055775,-0.2931729458581543,-0.29085386337809416,-0.29249975050715366,0.0009469479977985683
101,492.8386442184448,3.335900958706345,2.0839841842651365,0.031215781394386053,26,,4,374,"{'max_depth': 26, 'max_features': None, 'min_samples_leaf': 4, 'n_estimators': 374}",-0.7602823587536243,-0.7763414662422635,-0.754427041583726,-0.7655680427101721,-0.7742711908670832,-0.7661780200313738,0.008270567595625404,58,-0.46602304949787404,-0.4605585494471556,-0.4656168710777649,-0.46319695303456826,-0.4607954186684881,-0.4632381683451702,0.0023049022473022205
1,508.65682344436647,3.520982868990255,2.56182861328125,0.05465594779600639,49,,1,301,"{'max_depth': 49, 'max_features': None, 'min_samples_leaf': 1, 'n_estimators': 301}",-0.760025316869098,-0.7768779738641863,-0.7563677657405984,-0.7641502302739756,-0.7737359848578542,-0.7662314543211425,0.007871548068569288,59,-0.284731849085755,-0.28172035634934467,-0.28430926835800935,-0.28302073722588617,-0.282240190530564,-0.28320448030991185,0.0011592801420236016
123,413.5846134185791,3.552506677518469,1.7423130512237548,0.030539695457516055,43,,4,314,"{'max_depth': 43, 'max_features': None, 'min_samples_leaf': 4, 'n_estimators': 314}",-0.7603521450425543,-0.776343580243674,-0.7547566482981953,-0.7655023421054598,-0.7742915999905853,-0.7662492631360938,0.008172986095631588,60,-0.465352842075744,-0.45973053920325363,-0.4649352194649404,-0.46250175861758136,-0.4599912380998223,-0.4625023194922683,0.0023678166027195644
117,546.8990515232086,3.134976784611643,2.3406277179718016,0.03252179541241127,24,,4,415,"{'max_depth': 24, 'max_features': None, 'min_samples_leaf': 4, 'n_estimators': 415}",-0.7605000049937027,-0.7765206159976132,-0.7547565686257461,-0.7654244644611324,-0.7743564236724159,-0.7663116155501222,0.00821003765643141,61,-0.4674145288376319,-0.4623895490625294,-0.4672297885162434,-0.46496125623603385,-0.4621670295224108,-0.4648324304349699,0.002258459007482079
90,713.3762189388275,6.874421422498009,3.560876560211182,0.08493073703295861,33,,1,424,"{'max_depth': 33, 'max_features': None, 'min_samples_leaf': 1, 'n_estimators': 424}",-0.7603480289964676,-0.7770392270831835,-0.756405948383338,-0.7642310460667512,-0.7736240133721107,-0.7663296527803702,0.007830281736694915,62,-0.2841112678052269,-0.2814883806615556,-0.2838339848610086,-0.2824730532632021,-0.2816580163974114,-0.2827129405976809,0.0010846213402311423
184,370.86981348991395,3.450204899183981,1.567774248123169,0.011030484761745021,49,,4,279,"{'max_depth': 49, 'max_features': None, 'min_samples_leaf': 4, 'n_estimators': 279}",-0.7604360601452372,-0.7763221856872052,-0.7549381904490312,-0.7655155339175725,-0.7745355322695134,-0.766349500493712,0.008152887097757086,63,-0.46559684114084793,-0.4600064666844078,-0.4651245285128647,-0.46280798788657973,-0.4602251569519496,-0.4627521962353299,0.0023515116877628416
107,374.0832537651062,2.209459750144176,1.5820830821990968,0.03887070482540953,40,,4,284,"{'max_depth': 40, 'max_features': None, 'min_samples_leaf': 4, 'n_estimators': 284}",-0.7604862655005262,-0.7762201346588947,-0.7549749250601049,-0.7655505116392326,-0.7745260996773101,-0.7663515873072136,0.00810781160767634,64,-0.46557657241758416,-0.4599328968907211,-0.46501744700680553,-0.46271208314897544,-0.46015351653347564,-0.46267850319951237,0.002357307896985625
61,463.39749965667727,3.3296972996061567,2.3171997547149656,0.05904474402618707,44,,1,275,"{'max_depth': 44, 'max_features': None, 'min_samples_leaf': 1, 'n_estimators': 275}",-0.7601114604859114,-0.776670606043376,-0.7566528609346552,-0.7643386660473264,-0.7740209642439596,-0.7663589115510456,0.007776342971431038,65,-0.2848183521754666,-0.2818309894353491,-0.2845390949674746,-0.283449769494928,-0.2825406854897626,-0.28343577831259614,0.0011406622973020209
105,537.0755722999572,3.1462401760623773,2.289966678619385,0.03541098274524972,23,,4,411,"{'max_depth': 23, 'max_features': None, 'min_samples_leaf': 4, 'n_estimators': 411}",-0.7606395836351012,-0.7765924250684733,-0.7547513984767247,-0.7655052922622146,-0.7743343354004739,-0.7663646069685977,0.008203727930293586,66,-0.4690288107531872,-0.4641230885105331,-0.4688085905422483,-0.4667851754480739,-0.46382871025193423,-0.4665148751011953,0.0022176649862899077
176,351.7588381767273,3.0617951346681243,1.49489369392395,0.014267365528971334,46,,4,266,"{'max_depth': 46, 'max_features': None, 'min_samples_leaf': 4, 'n_estimators': 266}",-0.7603848846150176,-0.7764486705216196,-0.7548962112632507,-0.7657287981740645,-0.7744330942639955,-0.7663783317675895,0.00817891576470105,67,-0.4654941352466293,-0.4601249796597885,-0.46517170042740413,-0.4630101125719546,-0.460232459335905,-0.4628066774483363,0.0023097727541088495
144,451.5346879005432,2.100643736930437,2.286460781097412,0.021041897457720882,44,,1,268,"{'max_depth': 44, 'max_features': None, 'min_samples_leaf': 1, 'n_estimators': 268}",-0.7601982125922092,-0.7768594276939866,-0.7564989909439409,-0.7644407686259564,-0.7742416669321307,-0.7664478133576449,0.007889368445331902,68,-0.28487140374962266,-0.281900774163042,-0.28463738669709593,-0.28368535666719624,-0.2825862550836843,-0.28353623527212823,0.0011484460729385435
173,330.4147397041321,3.2098296657471215,1.399490737915039,0.00819877140734603,45,,4,250,"{'max_depth': 45, 'max_features': None, 'min_samples_leaf': 4, 'n_estimators': 250}",-0.7607794082792975,-0.776565890740481,-0.7549067551365154,-0.7657110195936321,-0.7746008182527812,-0.7665127784005414,0.008181632875014697,69,-0.4655063557327809,-0.46015053695985747,-0.4651955834128363,-0.46301363447657196,-0.4603145687471391,-0.46283613586583716,0.0022934391136270613
10,304.16006779670715,1.1331865750958994,1.2703246593475341,0.026046678141987707,35,,4,231,"{'max_depth': 35, 'max_features': None, 'min_samples_leaf': 4, 'n_estimators': 231}",-0.7607565269427525,-0.7767090033057297,-0.7547679573271951,-0.7658613207744561,-0.7746347750407276,-0.7665459166781721,0.00826346163471406,70,-0.46568396452392036,-0.46021545021978977,-0.46539587932707077,-0.46312221817134847,-0.46051631813842914,-0.46298676607611167,0.0023186357187455486
29,319.0264624595642,8.599398586725506,1.3106828689575196,0.010954409643973506,49,,4,239,"{'max_depth': 49, 'max_features': None, 'min_samples_leaf': 4, 'n_estimators': 239}",-0.7607899013692049,-0.7766720214556306,-0.7548782188748914,-0.7658707899292038,-0.7746522682344703,-0.7665726399726802,0.008221557556070985,71,-0.4656241802404456,-0.4602606666091958,-0.4653757729742345,-0.4630742187527088,-0.4604239076742175,-0.46295174925016047,0.0023093153100142865
38,316.9512456417084,2.1752515897079245,1.3476596832275392,0.017207664425926524,38,,4,240,"{'max_depth': 38, 'max_features': None, 'min_samples_leaf': 4, 'n_estimators': 240}",-0.7607700899719329,-0.7767196371679514,-0.7549092013331267,-0.7658232851497726,-0.7746674974867955,-0.7665779422219158,0.008231100166391557,72,-0.4656188115950022,-0.46028439687533595,-0.4653644699510951,-0.4630792536068252,-0.46043185514771096,-0.46295575743519396,0.0022984888402715832
78,379.5044451236725,4.317926029802653,1.8635754585266113,0.016152562689795584,40,,1,224,"{'max_depth': 40, 'max_features': None, 'min_samples_leaf': 1, 'n_estimators': 224}",-0.7599804431593665,-0.7773683493977497,-0.7563003607111993,-0.764820809287663,-0.7744665591826492,-0.7665873043477255,0.008135181842649303,73,-0.28528235577146144,-0.28237525800896235,-0.2850566570072506,-0.2841405224243669,-0.28297635840811775,-0.2839662303240318,0.0011368934513242127
126,438.4038540840149,3.792541063148702,2.2804226875305176,0.03135962823884041,31,,1,261,"{'max_depth': 31, 'max_features': None, 'min_samples_leaf': 1, 'n_estimators': 261}",-0.7602083014316947,-0.7770869222948994,-0.7563905738610552,-0.7647672418265666,-0.7745208943407802,-0.7665947867509992,0.008014501427839006,74,-0.28542644453923344,-0.282663005855219,-0.285120664720815,-0.28433880268451645,-0.28322279983339677,-0.28415434352663616,0.0010656363845231863
27,399.88587226867674,3.721917763877317,1.9641656875610352,0.0254096171591008,49,,1,236,"{'max_depth': 49, 'max_features': None, 'min_samples_leaf': 1, 'n_estimators': 236}",-0.7603277025880785,-0.7771082154132588,-0.7567361630314994,-0.7646746019368068,-0.7743118737112071,-0.7666317113361701,0.007876988149430648,75,-0.28510713745479493,-0.28217335925884857,-0.28497081269357005,-0.28397978277416086,-0.28289259234941155,-0.2838247369061572,0.001146997969268167
160,365.07917313575746,3.169697004134861,1.5625579833984375,0.01888435930056074,22,,4,280,"{'max_depth': 22, 'max_features': None, 'min_samples_leaf': 4, 'n_estimators': 280}",-0.7608189452000951,-0.7766808303082112,-0.755157349067751,-0.7657786586192893,-0.7748787130434127,-0.7666628992477518,0.00818742822138617,76,-0.47187674497906074,-0.46707497074068316,-0.47142758550320474,-0.4703140040775291,-0.4666976057794071,-0.4694781822159769,0.0021798580414121613
83,407.29460287094116,4.208463803140815,2.028261995315552,0.03428880737652632,43,,1,240,"{'max_depth': 43, 'max_features': None, 'min_samples_leaf': 1, 'n_estimators': 240}",-0.7603216014465496,-0.7772560936341669,-0.7567305520046861,-0.7646884180345469,-0.7743844254637279,-0.7666762181167355,0.007932200237925085,77,-0.2851150795034572,-0.28220149980243714,-0.28498020849628425,-0.28394534856394704,-0.2829153713053602,-0.2838315015342972,0.0011380915144072988
63,649.1839042663574,5.221773687682675,3.1499440670013428,0.15973213621869584,23,,1,405,"{'max_depth': 23, 'max_features': None, 'min_samples_leaf': 1, 'n_estimators': 405}",-0.7606756447298502,-0.7777163765200138,-0.7566908667704264,-0.7649342491966339,-0.7743072834010635,-0.7668648841235975,0.007983593912914897,78,-0.30512994360708356,-0.3046178748247724,-0.30493213026755417,-0.3058362416787343,-0.30276894798027054,-0.304657027671683,0.0010253052678282889
34,261.36920924186705,2.458819732800508,1.078172540664673,0.008288658269157496,22,,4,199,"{'max_depth': 22, 'max_features': None, 'min_samples_leaf': 4, 'n_estimators': 199}",-0.7610045508266035,-0.7772459455348351,-0.7546253652907168,-0.7663401906566546,-0.7752958864774658,-0.7669023877572552,0.008523682712873385,79,-0.47230792701933577,-0.4676113633716109,-0.47209945607968334,-0.47069485263454874,-0.4671690924712291,-0.4699765383152815,0.0021878726318743194
134,529.7270588874817,4.222635166697399,2.6038155555725098,0.01935599129943446,24,,1,331,"{'max_depth': 24, 'max_features': None, 'min_samples_leaf': 1, 'n_estimators': 331}",-0.7608185351019127,-0.7779656260831029,-0.7569188202870245,-0.7648479471688647,-0.7740760547077127,-0.7669253966697235,0.00793422587800625,80,-0.29881323366266377,-0.29742547086558535,-0.2984655020737555,-0.2991784653637037,-0.296279499456994,-0.29803243428454046,0.0010537331460020016
109,332.1557667732239,3.2420032731648183,1.7173347473144531,0.03416508658288387,43,,1,195,"{'max_depth': 43, 'max_features': None, 'min_samples_leaf': 1, 'n_estimators': 195}",-0.760201826162081,-0.77748461669848,-0.7566406353426606,-0.7653499936979845,-0.7749776060826169,-0.7669309355967646,0.008121572028806633,81,-0.2858683394183593,-0.28285130262782504,-0.2856273727422666,-0.284784472144831,-0.2834209569710361,-0.28451048878086366,0.0011921604989076468
196,196.9168909072876,1.317705482136307,0.8289555549621582,0.00898179276484572,42,,4,149,"{'max_depth': 42, 'max_features': None, 'min_samples_leaf': 4, 'n_estimators': 149}",-0.7610596986008012,-0.7774738378946193,-0.7545787694397081,-0.7667536480206238,-0.7752361682198255,-0.7670204244351156,0.008569346533350985,82,-0.46648266749607326,-0.46092838416378135,-0.4661240109477898,-0.46403042360232327,-0.461376951056956,-0.4637884874533847,0.0023137635062384066
76,196.98851795196532,1.0455706917233818,0.821277379989624,0.01642915501219568,37,,4,149,"{'max_depth': 37, 'max_features': None, 'min_samples_leaf': 4, 'n_estimators': 149}",-0.7610612931369487,-0.7774746679370931,-0.7545787694397081,-0.7667598571777653,-0.7752313915210881,-0.7670211958425207,0.008568373297882837,83,-0.466480512163359,-0.4609281134555507,-0.4661240109477898,-0.4640363536004636,-0.4613790290304103,-0.4637896038395146,0.0023130208700673535
87,299.81339168548584,1.9322928498458787,1.4743404865264893,0.01154153055071563,48,,1,177,"{'max_depth': 48, 'max_features': None, 'min_samples_leaf': 1, 'n_estimators': 177}",-0.7603950978504803,-0.777419715140576,-0.7571073893346467,-0.7655659521758506,-0.7748600782276702,-0.7670696465458449,0.007923029868579843,84,-0.2861039759932144,-0.2829225147482447,-0.2856707569571074,-0.2851553081517037,-0.2835921028774696,-0.284688931745548,0.001225324487255382
71,735.8327431678772,6.030238159876459,3.431200361251831,0.0474825413026791,21,,1,478,"{'max_depth': 21, 'max_features': None, 'min_samples_leaf': 1, 'n_estimators': 478}",-0.7608525213299742,-0.7780751197362443,-0.7568023503478559,-0.7650656791149648,-0.7746225597637661,-0.767083646058561,0.008077770248296883,85,-0.3267664529765432,-0.32730549364670114,-0.3263489564997852,-0.32817894634493866,-0.3243041871053634,-0.3265808073146663,0.0012923186394584814
59,310.13263688087466,2.751459654960139,1.4867834568023681,0.017207397953447175,26,,1,186,"{'max_depth': 26, 'max_features': None, 'min_samples_leaf': 1, 'n_estimators': 186}",-0.76055369453486,-0.7779107991000374,-0.7565785865404749,-0.7654996345780737,-0.7748912363290555,-0.7670867902165004,0.008169348739496402,86,-0.29196539445492004,-0.2901383070688833,-0.2918841714289385,-0.29237579060270685,-0.28983643891328026,-0.2912400204937458,0.0010406618350658398
93,176.25740857124327,1.7048352937391258,0.7391462802886963,0.009871537557177065,36,,4,133,"{'max_depth': 36, 'max_features': None, 'min_samples_leaf': 4, 'n_estimators': 133}",-0.7609551600396811,-0.7776979503144483,-0.7545586614061578,-0.7670405267772185,-0.7752741817974148,-0.7671052960669841,0.008650796814289784,87,-0.4668042834469803,-0.4612981202655496,-0.4665172153770868,-0.46441823737755294,-0.4615988940306015,-0.4641273500995542,0.0023392167555002052
72,310.9726558685303,0.8123563769218702,1.5069921016693115,0.029489410963098994,25,,1,191,"{'max_depth': 25, 'max_features': None, 'min_samples_leaf': 1, 'n_estimators': 191}",-0.7611451321050888,-0.7775030102474602,-0.7563797622946613,-0.7656631487029487,-0.7748608337478573,-0.7671103774196033,0.008011256006034272,88,-0.2952827493638234,-0.2936756416306296,-0.2951446550214573,-0.29589475155637207,-0.2930334578513042,-0.2946062510847173,0.0010721450179236715
182,261.9165451526642,2.2632069240552224,1.0808172702789307,0.0090195604116685,21,,4,201,"{'max_depth': 21, 'max_features': None, 'min_samples_leaf': 4, 'n_estimators': 201}",-0.7613084863956808,-0.7775600514556213,-0.7547466444998437,-0.766545960689966,-0.7754208639467955,-0.7671164013975814,0.008545198531870782,89,-0.47605468931265404,-0.4716427487857315,-0.4758180508311877,-0.47479779052280385,-0.4709835635603313,-0.4738593686025417,0.0021316736545057315
6,359.06876454353335,2.8411985056780598,1.4462035655975343,0.01417938511293537,20,,4,279,"{'max_depth': 20, 'max_features': None, 'min_samples_leaf': 4, 'n_estimators': 279}",-0.761272477169468,-0.7772159749743788,-0.7555658620057751,-0.7664232140443226,-0.7754445671343292,-0.7671844190656547,0.008238731920488128,90,-0.4812013951501484,-0.4770535054182956,-0.4805986903021291,-0.4804114916407554,-0.47622001662361635,-0.47909701982698893,0.002042760114970438
135,580.2044453620911,3.7526281213546624,2.798252820968628,0.034022217528147165,22,,1,374,"{'max_depth': 22, 'max_features': None, 'min_samples_leaf': 1, 'n_estimators': 374}",-0.7608149754915655,-0.7781412402060606,-0.7572308186118188,-0.7653671622582425,-0.774678785888273,-0.7672465964911921,0.007989299458097282,91,-0.314625368454114,-0.3143629623146205,-0.31431237874436607,-0.31575375300632696,-0.3122193163158917,-0.31425475576706385,0.0011438871719672483
86,163.64382996559144,1.2187273969166432,0.6852926731109619,0.003100711692097044,35,,4,124,"{'max_depth': 35, 'max_features': None, 'min_samples_leaf': 4, 'n_estimators': 124}",-0.7610621091400123,-0.7778429022555261,-0.754908154070105,-0.766906968917277,-0.7755345759917737,-0.7672509420749389,0.00862058696026176,92,-0.46706311009149115,-0.4614731487150849,-0.4670339269783475,-0.46471911051989206,-0.461934748671109,-0.4644448089951849,0.002398559631901416
73,170.75492691993713,2.181896392126681,0.7167538642883301,0.008969940630872914,23,,4,130,"{'max_depth': 23, 'max_features': None, 'min_samples_leaf': 4, 'n_estimators': 130}",-0.7611895523638408,-0.7779595033619464,-0.7547374364272835,-0.7669209392605069,-0.7755249417206701,-0.7672664746268496,0.008678344535169757,93,-0.4708041236714503,-0.4658974132871589,-0.47069596957200777,-0.4690865711514208,-0.4656836804933479,-0.4684335516350771,0.0022431393271752985
30,499.9160640716553,5.011048227171675,2.3078824520111083,0.029899602200142553,21,,1,324,"{'max_depth': 21, 'max_features': None, 'min_samples_leaf': 1, 'n_estimators': 324}",-0.7614080029619988,-0.778262604095675,-0.7569370774701242,-0.7654453134818453,-0.7749369728646549,-0.7673979941748597,0.008049840785246646,94,-0.327318363928611,-0.3273281738001398,-0.32670826627782107,-0.32921981380355503,-0.32492201332188453,-0.32709932622640225,0.0013777108302846014
82,147.51066126823426,1.3526858347874635,0.6190096855163574,0.0069056240225787375,43,,4,112,"{'max_depth': 43, 'max_features': None, 'min_samples_leaf': 4, 'n_estimators': 112}",-0.7613677674613377,-0.7781747099926148,-0.7552808526892716,-0.7668779672883662,-0.7754972047962705,-0.7674397004455722,0.008546172235597107,95,-0.4672721818854647,-0.46171486670034206,-0.46731234970345426,-0.4650131798973046,-0.4624547721568708,-0.4647534700686872,0.0023441990494063505
3,231.05347681045532,2.072191837455307,1.1820591926574706,0.03271285925845736,37,,1,136,"{'max_depth': 37, 'max_features': None, 'min_samples_leaf': 1, 'n_estimators': 136}",-0.7607520555560381,-0.779099118186683,-0.7566102884468493,-0.7666269621775992,-0.7750427315487055,-0.767626231183175,0.008440798982743412,96,-0.287033683147823,-0.28406139771230376,-0.2867937239935664,-0.2869317835334007,-0.2850486942178642,-0.2859738565209916,0.0012022032519242107
16,146.2700464248657,1.142581765530238,0.6031087398529053,0.010162197929978023,22,,4,112,"{'max_depth': 22, 'max_features': None, 'min_samples_leaf': 4, 'n_estimators': 112}",-0.7616964906345988,-0.7784856310200182,-0.7554275541796632,-0.7670544035689517,-0.7758566933509383,-0.7677041545508342,0.008601549191687525,97,-0.4736196324080886,-0.46895517602553743,-0.4736412321260031,-0.4721386731344493,-0.46892630221785175,-0.471456203182386,0.0021249036902496635
147,218.33093371391297,2.3199390064878505,1.0788522243499756,0.016403793553844095,28,,1,131,"{'max_depth': 28, 'max_features': None, 'min_samples_leaf': 1, 'n_estimators': 131}",-0.7617236087889743,-0.7785243362944455,-0.7577097529862186,-0.7666503135534837,-0.7746439963623013,-0.7678504015970846,0.007770410123442267,98,-0.2899850710513082,-0.2874859088710241,-0.28974373163718936,-0.29015051614641885,-0.2877490706670376,-0.2890228596745956,0.0011577454337416786
170,178.49111285209656,0.2614029561190131,0.7415069103240967,0.007665919992108459,20,,4,140,"{'max_depth': 20, 'max_features': None, 'min_samples_leaf': 4, 'n_estimators': 140}",-0.7619574075538057,-0.7782706625450642,-0.7551658728791463,-0.7677905985862653,-0.776215604461851,-0.7678800292052264,0.008650806808700433,99,-0.48222633154296957,-0.4782896939479903,-0.4816380336764585,-0.48125461996711216,-0.4773937387893188,-0.48016048358476987,0.0019392136092369764
137,200.9781494140625,2.3994740718913583,1.0549585819244385,0.037151988090222056,45,,1,119,"{'max_depth': 45, 'max_features': None, 'min_samples_leaf': 1, 'n_estimators': 119}",-0.761342358779624,-0.7779535880537466,-0.758176136326412,-0.7667894471255595,-0.7753946611337427,-0.7679312382838169,0.007694533253119606,100,-0.28794970941958586,-0.2849909047420738,-0.2881789241710737,-0.28779062802389327,-0.28583963972424575,-0.28694996121617444,0.0012874224777044826
118,392.4324127197266,2.436274010034252,1.7989275932312012,0.029691661763984554,20,,1,259,"{'max_depth': 20, 'max_features': None, 'min_samples_leaf': 1, 'n_estimators': 259}",-0.7622093245827508,-0.7791818533488598,-0.7577582901102967,-0.7662674302184935,-0.7758994118218978,-0.7682632620164598,0.008105730791253351,101,-0.34352226877690983,-0.3441675092884026,-0.3429682607439181,-0.3465791919956871,-0.3417854234991505,-0.34380453086081364,0.0015928786446315851
161,217.25379390716552,2.0631905691019004,1.048178482055664,0.020191068942938727,23,,1,135,"{'max_depth': 23, 'max_features': None, 'min_samples_leaf': 1, 'n_estimators': 135}",-0.7615159917538213,-0.7790581632801605,-0.757856788547353,-0.767179642070125,-0.7757426715398915,-0.7682706514382703,0.00809278401222815,102,-0.30822085975039787,-0.30731853796460795,-0.3078350282745616,-0.3099774019986175,-0.30632335899370283,-0.30793503739637756,0.001203372613449987
145,132.9761429786682,0.8002816656355759,0.5482244491577148,0.010761819611660766,20,,4,103,"{'max_depth': 20, 'max_features': None, 'min_samples_leaf': 4, 'n_estimators': 103}",-0.7625267411979192,-0.7785477522885554,-0.7564192809790892,-0.7680807407570602,-0.7767580655652248,-0.7684665161575699,0.008377908309176289,103,-0.48311265254687835,-0.4794498594714827,-0.48276606079391216,-0.482285143379761,-0.4790029602029363,-0.48132333527899407,0.0017379436190029765
31,210.2096170425415,5.7109859341263665,0.9531581401824951,0.014080272125880502,21,,1,135,"{'max_depth': 21, 'max_features': None, 'min_samples_leaf': 1, 'n_estimators': 135}",-0.7627821190094171,-0.7794865365162442,-0.7575113755754246,-0.7671706143632692,-0.7762796912390315,-0.7686460673406773,0.008201612012224914,104,-0.329813426709072,-0.3301341700851529,-0.3287438211295073,-0.3318937863995751,-0.3280467152306629,-0.32972638391079406,0.0013159191506538746
12,161.13100709915162,1.698649498327134,0.7543355464935303,0.011757778075567651,22,,1,102,"{'max_depth': 22, 'max_features': None, 'min_samples_leaf': 1, 'n_estimators': 102}",-0.7638070227491288,-0.7802801488538359,-0.7603170502686758,-0.7686089148543619,-0.7772724649182507,-0.7700571203288507,0.0076498561214698125,105,-0.3183525128598783,-0.3189426838158689,-0.3188593245444296,-0.3206509946873321,-0.3178080125001788,-0.3189227056815375,0.0009548884672444378
33,165.80105829238892,0.5246861446924913,3.800784873962402,0.06907247301668082,31,sqrt,1,460,"{'max_depth': 31, 'max_features': 'sqrt', 'min_samples_leaf': 1, 'n_estimators': 460}",-0.7788908786097759,-0.7882046456123185,-0.7702274050431182,-0.7809579792044578,-0.7950940045392992,-0.782674982601794,0.008450077037072757,106,-0.2906092536859259,-0.28921677938561136,-0.29085249745948644,-0.2886388790269649,-0.28833114254731806,-0.28952971042106135,0.0010240361871891967
67,168.4450037956238,1.0008908820271822,3.770013761520386,0.07434512934673201,26,sqrt,1,471,"{'max_depth': 26, 'max_features': 'sqrt', 'min_samples_leaf': 1, 'n_estimators': 471}",-0.7785218234086272,-0.7890545632845489,-0.7707323627767023,-0.7823225064124248,-0.7952646332730144,-0.7831791778310635,0.00846080881003207,107,-0.2951942494151313,-0.29362500708282024,-0.295387441890988,-0.29347584805869237,-0.2934379719899197,-0.2942241036875103,0.0008753678977729804
165,180.19316458702087,0.5431232672988976,4.429010629653931,0.27915597133764186,29,sqrt,1,495,"{'max_depth': 29, 'max_features': 'sqrt', 'min_samples_leaf': 1, 'n_estimators': 495}",-0.7797619612190002,-0.7883724058743548,-0.7709180978658666,-0.7812998704359306,-0.7959617043635286,-0.7832628079517361,0.008436478882205514,108,-0.29122809247039255,-0.2894255016938635,-0.29158349136986444,-0.28947865046572246,-0.2893001887770285,-0.29020318495537434,0.0009900328067553878
132,160.87969636917114,0.9462432233706828,3.800750160217285,0.32937596163559446,38,sqrt,1,446,"{'max_depth': 38, 'max_features': 'sqrt', 'min_samples_leaf': 1, 'n_estimators': 446}",-0.779925749377676,-0.7885185282219229,-0.7699955533226576,-0.7819001580309626,-0.7962130287249276,-0.7833106035356294,0.00876735093023831,109,-0.2903717676974553,-0.28833870909807896,-0.2902549257799824,-0.28859043264804385,-0.28804000364463667,-0.28911916777363944,0.0009911835967910505
70,109.27120008468628,0.7911149561471376,2.49277982711792,0.03939395598764707,33,sqrt,1,302,"{'max_depth': 33, 'max_features': 'sqrt', 'min_samples_leaf': 1, 'n_estimators': 302}",-0.7807817227791813,-0.788231254322217,-0.7701711960564791,-0.7817213984212886,-0.7959544187543316,-0.7833719980666995,0.008551314059078106,110,-0.2913639310322002,-0.2892690683755473,-0.29111129574704475,-0.2895382718434591,-0.2892636419961731,-0.2901092417988849,0.0009300854030515837
167,116.5524347782135,0.4230793254223382,2.6291812896728515,0.061883956235912814,31,sqrt,1,318,"{'max_depth': 31, 'max_features': 'sqrt', 'min_samples_leaf': 1, 'n_estimators': 318}",-0.779679428117758,-0.7889774028218762,-0.7706607276582234,-0.781699418017169,-0.7961725738673454,-0.7834379100964745,0.008640168673890674,111,-0.2911982089438873,-0.28971838951704176,-0.291440257196582,-0.2894277838649084,-0.28899180937482233,-0.2901552897794483,0.0009810866417987228
39,139.2808385848999,1.1030807039387491,3.175305128097534,0.06131226172586252,42,sqrt,1,384,"{'max_depth': 42, 'max_features': 'sqrt', 'min_samples_leaf': 1, 'n_estimators': 384}",-0.7805783252192605,-0.7892634996362295,-0.7690610943387953,-0.782279542785645,-0.7968791733858503,-0.7836123270731561,0.009280784640517134,112,-0.2906802613174633,-0.28868026485728615,-0.29049616236687076,-0.28872061630704693,-0.28858175279112624,-0.28943181152795866,0.0009470681582355877
5,120.34888782501221,0.817939526464769,2.760995960235596,0.022889530526006955,32,sqrt,1,333,"{'max_depth': 32, 'max_features': 'sqrt', 'min_samples_leaf': 1, 'n_estimators': 333}",-0.7795876087441598,-0.7882418639580566,-0.7707872560413279,-0.7828792679127937,-0.7966331034704248,-0.7836258200253525,0.00862775173251199,113,-0.29118397952666064,-0.28886258195267966,-0.2908601979600794,-0.2895502088398403,-0.28872127643002715,-0.2898356489418574,0.001013692021182501
85,83.43280711174012,0.5180305822051452,1.8578337192535401,0.033056787240297834,24,sqrt,1,236,"{'max_depth': 24, 'max_features': 'sqrt', 'min_samples_leaf': 1, 'n_estimators': 236}",-0.7774495590823239,-0.7895390606899402,-0.770662220936386,-0.7827315981734421,-0.7979503850317826,-0.783666564782775,0.009456764884470323,114,-0.30383951173692464,-0.30248293837476237,-0.3044235721643831,-0.3028435345052162,-0.3021092323913439,-0.30313975783452607,0.0008624357958788294
187,124.11470966339111,0.9949267446750439,2.842037010192871,0.04913542654773866,35,sqrt,1,341,"{'max_depth': 35, 'max_features': 'sqrt', 'min_samples_leaf': 1, 'n_estimators': 341}",-0.7797161998243055,-0.7892887310243444,-0.7704959633465939,-0.7822444417885672,-0.7966283210477056,-0.7836747314063034,0.008839774935563762,115,-0.290679993733867,-0.288890391299081,-0.29048501214372807,-0.2891432724637175,-0.2883552631198853,-0.28951078655205575,0.0009133840610393787
110,141.35503363609314,0.9072262663627813,3.283322286605835,0.051541427659632606,28,sqrt,1,393,"{'max_depth': 28, 'max_features': 'sqrt', 'min_samples_leaf': 1, 'n_estimators': 393}",-0.7801447241194929,-0.7888140104618295,-0.7705912967728926,-0.7823423554991379,-0.7969221110930284,-0.7837628995892763,0.008800895732163198,116,-0.29235802464370725,-0.29063921342107785,-0.292738933924245,-0.2907923206349178,-0.2904005882681997,-0.2913858161784295,0.0009650330156577712
119,123.77112989425659,1.1504558242293672,2.8545429706573486,0.0853565518427505,44,sqrt,1,337,"{'max_depth': 44, 'max_features': 'sqrt', 'min_samples_leaf': 1, 'n_estimators': 337}",-0.7805911505968349,-0.789311445966578,-0.7698089222057294,-0.7822890604856984,-0.7971618976233585,-0.7838324953756398,0.009134998363938954,117,-0.2910114022495205,-0.2888670475280917,-0.29077949203477405,-0.28912629709776894,-0.28875473525468254,-0.28970779483296755,0.0009799229964961111
197,122.54274082183838,0.9047386005646514,2.835896301269531,0.07644982244820436,45,sqrt,1,337,"{'max_depth': 45, 'max_features': 'sqrt', 'min_samples_leaf': 1, 'n_estimators': 337}",-0.7805862287899014,-0.7894906678856642,-0.7699326137722546,-0.7823561364529623,-0.7972172005434941,-0.7839165694888554,0.009132956775364631,118,-0.2909942442902608,-0.28884166964723823,-0.29080685944013673,-0.28915409492988103,-0.2887783411296051,-0.28971504188742436,0.000978087237892134
108,134.61611824035646,0.9366991555766722,3.1332600593566893,0.06742176617008995,43,sqrt,1,368,"{'max_depth': 43, 'max_features': 'sqrt', 'min_samples_leaf': 1, 'n_estimators': 368}",-0.7806799447233708,-0.7895498284406879,-0.7696567679409546,-0.7825536164525052,-0.7971942151425101,-0.7839268745400056,0.009205479570227493,119,-0.29074440377612143,-0.2888788037222367,-0.29068107404503435,-0.2888305597845029,-0.28864917860681855,-0.2895568039869428,0.0009471299017498228
178,130.16988463401793,1.0240180739511415,2.9357064723968507,0.030562177491896488,43,sqrt,1,358,"{'max_depth': 43, 'max_features': 'sqrt', 'min_samples_leaf': 1, 'n_estimators': 358}",-0.7807002165813103,-0.7893281410868954,-0.7697365920486496,-0.7824537925090224,-0.7975352215286108,-0.7839507927508976,0.009255304825943557,120,-0.2908095786623197,-0.2888439985998648,-0.2908187127264648,-0.28894659213905693,-0.28877870020724994,-0.2896395164669912,0.0009605776172167385
115,105.6440619468689,0.785638409905012,2.4184351444244383,0.06520603577449774,29,sqrt,1,290,"{'max_depth': 29, 'max_features': 'sqrt', 'min_samples_leaf': 1, 'n_estimators': 290}",-0.7809815312273655,-0.7888845932890363,-0.7715286544754039,-0.7824757779221372,-0.7974115561590149,-0.7842564226145916,0.0086066159817575,121,-0.2923138050174324,-0.2900649158095858,-0.29247714309905737,-0.2905241075369809,-0.2904786591142801,-0.29117172611546727,0.0010132362472691238
25,96.4718279838562,0.555860952358481,2.1137531757354737,0.023761348840219708,44,sqrt,1,263,"{'max_depth': 44, 'max_features': 'sqrt', 'min_samples_leaf': 1, 'n_estimators': 263}",-0.78151221494046,-0.7897791906514153,-0.7706450894491956,-0.7826563997135735,-0.797768759449115,-0.7844723308407519,0.009035599274973563,122,-0.29135187942257224,-0.28927383592575057,-0.29142714384415197,-0.289996846772678,-0.28960236250747706,-0.29033041369452595,0.0008948621411655109
104,94.58509798049927,0.7514293926210894,2.1564804553985595,0.03872333608176252,44,sqrt,1,261,"{'max_depth': 44, 'max_features': 'sqrt', 'min_samples_leaf': 1, 'n_estimators': 261}",-0.7814779043014966,-0.7898023671587504,-0.7707471026646626,-0.7826968701056556,-0.7978166242098191,-0.7845081736880768,0.009021904108656593,123,-0.29137722648028047,-0.28928437392180906,-0.2914591216435407,-0.28996088602460673,-0.28958397125925617,-0.2903331158658986,0.0009118868732524473
84,147.5499855518341,1.3997197609959973,3.1485336780548097,0.038164726799587885,20,sqrt,1,453,"{'max_depth': 20, 'max_features': 'sqrt', 'min_samples_leaf': 1, 'n_estimators': 453}",-0.7809993189535535,-0.7894557565399513,-0.7714876075138736,-0.783772073405865,-0.7983084135110105,-0.7848046339848507,0.00890926260000337,124,-0.3464956750772823,-0.34729978922277116,-0.3477811262860356,-0.3463559541253036,-0.34621101966674084,-0.3468287128756267,0.0006074477986794391
47,78.52244505882263,0.49529102772054484,1.7817189693450928,0.02634255515693935,34,sqrt,1,219,"{'max_depth': 34, 'max_features': 'sqrt', 'min_samples_leaf': 1, 'n_estimators': 219}",-0.7810694294452173,-0.7895383551691426,-0.7715157243370369,-0.7850599245770187,-0.7974695444701609,-0.7849305955997152,0.008641073869335296,125,-0.29179642703112396,-0.2903469579614633,-0.29225470527582753,-0.2910368554357323,-0.2898039474457937,-0.29104777862998815,0.0009006143788924598
45,80.22425165176392,0.22000206044570259,1.8660536766052247,0.04786527210958736,40,sqrt,1,222,"{'max_depth': 40, 'max_features': 'sqrt', 'min_samples_leaf': 1, 'n_estimators': 222}",-0.7823349823571106,-0.7898718110125328,-0.7707580094021913,-0.7828732960606167,-0.7988952715234178,-0.7849466740711739,0.009287178041242518,126,-0.291797075103414,-0.28990969039177533,-0.29216188366524526,-0.2905762394093348,-0.2902419983156135,-0.2909373773770766,0.0008841503312285669
24,141.56355400085448,1.059488615945913,3.012828493118286,0.07935463982478322,20,sqrt,1,426,"{'max_depth': 20, 'max_features': 'sqrt', 'min_samples_leaf': 1, 'n_estimators': 426}",-0.7810948842822184,-0.7897123748211116,-0.7716646589643473,-0.783963545577966,-0.7984112707377131,-0.7849693468766713,0.008901903709436743,127,-0.3465204001940491,-0.3471426743344724,-0.3478199409515526,-0.34645649290398145,-0.34615048303660817,-0.34681799828413273,0.0005956728993731587
186,146.76368799209595,0.3569302918203777,3.181984281539917,0.01354081306573965,32,sqrt,2,486,"{'max_depth': 32, 'max_features': 'sqrt', 'min_samples_leaf': 2, 'n_estimators': 486}",-0.7809114063426983,-0.7904451549809649,-0.7708896745856273,-0.7840240586903037,-0.7986450821385644,-0.7849830753476318,0.00930168683572609,128,-0.42219392213572177,-0.41855523555868684,-0.4221002434497425,-0.41870113340110704,-0.4173922300883335,-0.41978855292671835,0.0019786677440437146
189,75.64491200447083,0.2317829010662116,1.755746555328369,0.05666774939074054,40,sqrt,1,210,"{'max_depth': 40, 'max_features': 'sqrt', 'min_samples_leaf': 1, 'n_estimators': 210}",-0.7823156298517976,-0.7896261684301622,-0.7709903364512621,-0.7830513603775935,-0.7990771972528466,-0.7850121384727324,0.009239500985947115,129,-0.2920588133728821,-0.2901485862604585,-0.2925229034714365,-0.2906925976060743,-0.29042613096569736,-0.29116980633530976,0.0009428549242119323
112,56.60275440216064,0.290815925774842,1.3172175407409668,0.017057971104954717,31,sqrt,1,154,"{'max_depth': 31, 'max_features': 'sqrt', 'min_samples_leaf': 1, 'n_estimators': 154}",-0.7817359635017611,-0.789558436261286,-0.7731504577956179,-0.7835161923699175,-0.7974609851869241,-0.7850844070231013,0.008115258961334068,130,-0.29324979423231406,-0.29228156124020077,-0.29417434002290077,-0.29217775023692855,-0.29133382754338427,-0.2926434546551457,0.0009771620451936671
53,124.40963473320008,0.9117448607586723,2.6788827896118166,0.01486302158286996,20,sqrt,1,376,"{'max_depth': 20, 'max_features': 'sqrt', 'min_samples_leaf': 1, 'n_estimators': 376}",-0.7811177957735848,-0.789773898561533,-0.7722670473103408,-0.7839075155194521,-0.7988866106361041,-0.7851905735602029,0.008875129150815312,131,-0.3468167655978541,-0.3476249303316807,-0.34819138778972863,-0.34661465918202583,-0.346568158580301,-0.3471631802963181,0.0006395862949330897
120,144.25542101860046,0.9591699655681155,3.1011705875396727,0.017190041462182296,28,sqrt,2,472,"{'max_depth': 28, 'max_features': 'sqrt', 'min_samples_leaf': 2, 'n_estimators': 472}",-0.7819737748099173,-0.789724772867117,-0.7713116913769196,-0.7846207718159832,-0.7987801960134651,-0.7852822413766803,0.009038701518682345,132,-0.42278349392346537,-0.4192542930683591,-0.4227015583221354,-0.4196463410969662,-0.4182238565336468,-0.4205219085889146,0.001871905551816931
74,149.7728075504303,0.9862119741261672,3.2504590511322022,0.049086702606661196,38,sqrt,2,494,"{'max_depth': 38, 'max_features': 'sqrt', 'min_samples_leaf': 2, 'n_estimators': 494}",-0.7816435711295437,-0.7899290469574275,-0.7721456313535059,-0.7839464974834996,-0.798777943767088,-0.7852885381382129,0.008846708344759906,133,-0.4220357595973342,-0.4181315680840638,-0.4222753547680648,-0.4187086072478687,-0.4175915529530922,-0.41974856853008474,0.0019982401147449753
133,150.2353594303131,2.174708012055523,3.1071208000183104,0.19949702457340152,25,sqrt,2,496,"{'max_depth': 25, 'max_features': 'sqrt', 'min_samples_leaf': 2, 'n_estimators': 496}",-0.782533969648369,-0.789479983364374,-0.7713035854858501,-0.785048156270284,-0.7981091084693921,-0.7852949606476539,0.008776780299790834,134,-0.4254361360580164,-0.4212819264410564,-0.42523083416083507,-0.4220495042297576,-0.4202937345706233,-0.42285842709205773,0.0020971531676265086
174,139.55065402984619,1.15253366817082,3.011906099319458,0.031195816911800872,49,sqrt,2,462,"{'max_depth': 49, 'max_features': 'sqrt', 'min_samples_leaf': 2, 'n_estimators': 462}",-0.7816860945984935,-0.7901344075432984,-0.7723443192038734,-0.784015448890336,-0.7987607903145819,-0.7853882121101167,0.008798698926562818,135,-0.4222348772713682,-0.4184166226038815,-0.42247519186068294,-0.41868532392080865,-0.4176958797088057,-0.41990157907310943,0.002030627748212341
111,133.36740446090698,1.1462028074434154,2.8890175819396973,0.04573584970055343,24,sqrt,2,437,"{'max_depth': 24, 'max_features': 'sqrt', 'min_samples_leaf': 2, 'n_estimators': 437}",-0.7819757215535995,-0.7902061314284067,-0.7718123909374398,-0.7840143928475716,-0.7990850172357575,-0.7854187308005549,0.009040415387933936,136,-0.4265442930502755,-0.42336306630392073,-0.4263325623743269,-0.42408301331476267,-0.4222235822075231,-0.4245093034501618,0.0016843728952420183
195,137.59901542663573,1.144855891168685,2.9068015098571776,0.022627078102931044,25,sqrt,2,456,"{'max_depth': 25, 'max_features': 'sqrt', 'min_samples_leaf': 2, 'n_estimators': 456}",-0.7829294454323527,-0.7895890928279568,-0.7714757751165723,-0.785193374395707,-0.7980147660855728,-0.7854404907716322,0.008679896280697813,137,-0.42561997440775895,-0.42132739918520623,-0.4251996440317693,-0.4220385435347727,-0.42041847918298886,-0.4229208080684992,0.0021003611452592636
166,104.86807355880737,1.5244998880049798,2.2224411964416504,0.017359853260629672,27,sqrt,2,341,"{'max_depth': 27, 'max_features': 'sqrt', 'min_samples_leaf': 2, 'n_estimators': 341}",-0.7823327096429732,-0.790046306831613,-0.7720783656288177,-0.7846897167443284,-0.7981417534709383,-0.7854577704637342,0.008617452945184258,138,-0.4229729118401142,-0.42020613437735804,-0.42310784837938636,-0.4199926948962974,-0.41859900495129454,-0.42097571888889007,0.001774379975102683
58,131.66406860351563,0.5523094606725355,2.7859499931335447,0.032304514500929256,36,sqrt,2,436,"{'max_depth': 36, 'max_features': 'sqrt', 'min_samples_leaf': 2, 'n_estimators': 436}",-0.7820833905873735,-0.790002029683679,-0.7725876075733157,-0.7840578956563943,-0.7986871184777209,-0.7854836083956966,0.00865620915403164,139,-0.4224606396140886,-0.4185043765632311,-0.42250852739473055,-0.4186793109760977,-0.41800275640889356,-0.42003112219140837,0.002015574606469811
75,129.89365177154542,0.9493309722973811,2.7777387619018556,0.030420955921846835,33,sqrt,2,427,"{'max_depth': 33, 'max_features': 'sqrt', 'min_samples_leaf': 2, 'n_estimators': 427}",-0.7822826657637085,-0.7904284379303859,-0.7715199586127682,-0.7848619705465151,-0.7983677821235337,-0.7854921629953823,0.00890021222757561,140,-0.4225762861385378,-0.4185471679330254,-0.42255919568454675,-0.4190113925020112,-0.4175534857279279,-0.4200495055972098,0.002109406394320985
48,121.9706802368164,0.2648268990321886,2.6227152347564697,0.03671588345512809,23,sqrt,2,408,"{'max_depth': 23, 'max_features': 'sqrt', 'min_samples_leaf': 2, 'n_estimators': 408}",-0.7818235099369688,-0.7907913859318703,-0.7712819730558613,-0.7847233933322427,-0.7989504310312987,-0.7855141386576483,0.009221538350879886,141,-0.42917735757021336,-0.4265336193994436,-0.4291629952242781,-0.42640635235052776,-0.4245508559406337,-0.4271662360970193,0.0017804211383199609
140,122.58989963531494,0.9520292614347604,2.687125873565674,0.007269517349625956,37,sqrt,2,407,"{'max_depth': 37, 'max_features': 'sqrt', 'min_samples_leaf': 2, 'n_estimators': 407}",-0.7823922806646885,-0.7902887979121783,-0.7725082790885186,-0.7841000810012136,-0.7988895443269498,-0.7856357965987097,0.008746688333969455,142,-0.4225030961152323,-0.41844503709312414,-0.42262079047885254,-0.4187680148170558,-0.4181253241260579,-0.42009245252606453,0.0020268893562970336
162,120.19222755432129,0.8789823495803103,2.6209105491638183,0.030500833698190982,49,sqrt,2,398,"{'max_depth': 49, 'max_features': 'sqrt', 'min_samples_leaf': 2, 'n_estimators': 398}",-0.7823599054861232,-0.790215830234146,-0.7724729181125325,-0.7841148382062729,-0.7990893783897001,-0.7856505740857549,0.008812271288298973,143,-0.42246234108642194,-0.41843905954346067,-0.42263061916057554,-0.4189161764024537,-0.4181547101035669,-0.4201205812592958,0.0019963409074974852
65,98.62249989509583,0.43340944811674614,2.127469539642334,0.023612843487214027,29,sqrt,2,329,"{'max_depth': 29, 'max_features': 'sqrt', 'min_samples_leaf': 2, 'n_estimators': 329}",-0.7824957228368103,-0.7908776682267549,-0.7718827151106614,-0.7844261905661163,-0.7988914000415049,-0.7857147393563697,0.008984737518745515,144,-0.4230176475575006,-0.4193302968021049,-0.4230090371192056,-0.41967174523882367,-0.4175640632947809,-0.4205185580024831,0.0021589826469747106
23,106.21409349441528,0.49016596421377817,2.2699042320251466,0.02180968470434491,45,sqrt,2,351,"{'max_depth': 45, 'max_features': 'sqrt', 'min_samples_leaf': 2, 'n_estimators': 351}",-0.7823405282003472,-0.7901686661379634,-0.7729243224378582,-0.7837822058721703,-0.7995595688897859,-0.785755058307625,0.008834289920965027,145,-0.42248104754739535,-0.41827005875306844,-0.4229131799030036,-0.41904965620725443,-0.4183911960283096,-0.42022102768780634,0.0020436265875833333
199,112.88353791236878,1.4626675332477062,2.4038450717926025,0.05749482718893528,45,sqrt,2,377,"{'max_depth': 45, 'max_features': 'sqrt', 'min_samples_leaf': 2, 'n_estimators': 377}",-0.7824557568508342,-0.7902489687565023,-0.7726074343081313,-0.7840652704657401,-0.7994731419752267,-0.7857701144712869,0.008887977352344617,146,-0.4225585410313216,-0.41849018754930833,-0.42286840059594494,-0.41892283026283694,-0.41832929462673196,-0.4202338508132287,0.002036246934766263
88,96.9717423915863,0.8005593835297615,2.070236349105835,0.025684204740360234,42,sqrt,2,324,"{'max_depth': 42, 'max_features': 'sqrt', 'min_samples_leaf': 2, 'n_estimators': 324}",-0.782343205998859,-0.7904390345027196,-0.7730068554808837,-0.7840833952198876,-0.7994414528055963,-0.7858627888015892,0.008788069947618018,147,-0.4225892164922831,-0.41853860307698215,-0.42303026303609575,-0.4191199741441138,-0.41845525483336893,-0.42034666231656875,0.0020288926243968333
124,80.24438428878784,0.6006429136333613,1.7051704406738282,0.028702849138746742,33,sqrt,2,265,"{'max_depth': 33, 'max_features': 'sqrt', 'min_samples_leaf': 2, 'n_estimators': 265}",-0.7833555293063333,-0.7907416705937569,-0.7724532537156281,-0.7843687265656274,-0.7988736049114978,-0.7859585570185688,0.008733535011597371,148,-0.42289446726144775,-0.41902030698362547,-0.4233568579646442,-0.41951246074901005,-0.418603427435585,-0.42067750407886245,0.002024810366097375
69,49.72163953781128,0.39545322498742863,1.1048385143280028,0.019151766404159037,22,sqrt,1,145,"{'max_depth': 22, 'max_features': 'sqrt', 'min_samples_leaf': 1, 'n_estimators': 145}",-0.7836588735519967,-0.7914117009494139,-0.7714863551415676,-0.7858279204514601,-0.7974442531824514,-0.785965820655378,0.008676496625080996,149,-0.3194286213302292,-0.31961715129796886,-0.32112309025083946,-0.3197050990811987,-0.3198261457701574,-0.3199400215460787,0.0006055713326961076
97,91.69542632102966,0.23308995802018762,1.9665969371795655,0.01856283518593944,47,sqrt,2,306,"{'max_depth': 47, 'max_features': 'sqrt', 'min_samples_leaf': 2, 'n_estimators': 306}",-0.7826136236630347,-0.790371202394993,-0.7729885909531382,-0.7842167610881713,-0.7997451574048127,-0.78598706710083,0.008854153570597703,150,-0.42277851799740856,-0.4184470351058636,-0.42309832979905465,-0.41900060519782983,-0.41853135222703264,-0.42037116806543795,0.0021070546910650265
94,109.4513141155243,1.0242040792566185,2.339478349685669,0.04255044931309879,25,sqrt,2,362,"{'max_depth': 25, 'max_features': 'sqrt', 'min_samples_leaf': 2, 'n_estimators': 362}",-0.7837051965772717,-0.7899258544442492,-0.7723141039275709,-0.7859406003883553,-0.7981162434873755,-0.7860003997649645,0.00842364637116136,151,-0.4258594154272593,-0.4215885045428805,-0.4255512340469585,-0.42260525833459256,-0.4209697191950151,-0.4233148263093412,0.0020228521585973413
155,43.13155093193054,0.3269498088681572,0.971901798248291,0.006798096313031721,42,sqrt,1,119,"{'max_depth': 42, 'max_features': 'sqrt', 'min_samples_leaf': 1, 'n_estimators': 119}",-0.7834679837785361,-0.7904471163366904,-0.7719211438870179,-0.7837639120693183,-0.8004658929336986,-0.7860132098010523,0.009366572632682892,152,-0.2945978352179537,-0.29261519612211023,-0.29428813501301637,-0.2934727305312724,-0.2928782700808905,-0.2935704333930486,0.0007709428343021759
177,88.6720823764801,0.843335744117044,1.8933002948760986,0.023917252458655072,45,sqrt,2,293,"{'max_depth': 45, 'max_features': 'sqrt', 'min_samples_leaf': 2, 'n_estimators': 293}",-0.7827313535380224,-0.7904818995333246,-0.7730337162694891,-0.7842430875268912,-0.7999539654229841,-0.7860888044581422,0.00890681141829552,153,-0.42287021995899926,-0.4185074222886,-0.4231210845472453,-0.4191614002119771,-0.4187516698104141,-0.42048235936344713,0.002064235678300175
127,74.218110704422,0.2083709775344477,1.6096405982971191,0.013162057680145904,43,sqrt,2,246,"{'max_depth': 43, 'max_features': 'sqrt', 'min_samples_leaf': 2, 'n_estimators': 246}",-0.7828260367697071,-0.7908286712427366,-0.773078230005883,-0.7846020570061601,-0.8000907199923217,-0.7862851430033617,0.008949394953769271,154,-0.42302073614692437,-0.41887166481849797,-0.42343813486693027,-0.41964010029088983,-0.4191995298378381,-0.4208340331922161,0.001975397781050212
21,94.7469012260437,0.7350362300879222,2.03269362449646,0.01283927883349126,25,sqrt,2,314,"{'max_depth': 25, 'max_features': 'sqrt', 'min_samples_leaf': 2, 'n_estimators': 314}",-0.7842353779478416,-0.7899993953310855,-0.7728865241084351,-0.7860817968559662,-0.7985093040900396,-0.7863424796666736,0.0083303688020667,155,-0.4262321137546169,-0.4216227572460227,-0.4258745573347224,-0.422803165781322,-0.4211223660277187,-0.4235309920288805,0.0021335851127436724
113,45.319953203201294,0.2919315291620336,0.9690422534942627,0.01187987322532451,26,sqrt,2,148,"{'max_depth': 26, 'max_features': 'sqrt', 'min_samples_leaf': 2, 'n_estimators': 148}",-0.7831936348266532,-0.7926331633797229,-0.771599343860659,-0.7848625708016559,-0.7996131409249279,-0.7863803707587238,0.009435479644454138,156,-0.42542536709426193,-0.4227217460056868,-0.4251267937873625,-0.4222322262726479,-0.42047446164491326,-0.4231961189609745,0.0018578799684802812
183,62.89662556648254,0.4969209277049649,1.35647554397583,0.015806876617009954,34,sqrt,2,209,"{'max_depth': 34, 'max_features': 'sqrt', 'min_samples_leaf': 2, 'n_estimators': 209}",-0.7821218555792677,-0.7911412954893426,-0.7737744051288478,-0.7846634713058491,-0.8003238762853545,-0.7864049807577324,0.008911540687536565,157,-0.4236575096510192,-0.4196962835002834,-0.42416192043629464,-0.4198273596743926,-0.41917400661043813,-0.4213034159744856,0.0021451716027605064
11,62.52252821922302,0.1947563432089046,1.3596744537353516,0.033619840729146255,40,sqrt,2,207,"{'max_depth': 40, 'max_features': 'sqrt', 'min_samples_leaf': 2, 'n_estimators': 207}",-0.7825023400042818,-0.7909012615808658,-0.7737830438441773,-0.7849998993516722,-0.8000550323331929,-0.786448315422838,0.008752704837307423,158,-0.4233931983533519,-0.41939672399828926,-0.4241429596479055,-0.42026542197453415,-0.4193380030189217,-0.4213072613986005,0.002049676981856942
193,102.70812482833863,0.9809345357877898,2.1438940525054933,0.02251837712216712,21,sqrt,2,348,"{'max_depth': 21, 'max_features': 'sqrt', 'min_samples_leaf': 2, 'n_estimators': 348}",-0.7832008069416384,-0.7910415140967872,-0.7725332859822256,-0.7859284939185689,-0.800098302812105,-0.786560480750265,0.009075255308221451,159,-0.439235187652932,-0.4365231724567546,-0.43939859287755073,-0.4371524338030124,-0.43543915734009003,-0.437549708826068,0.0015443602590111468
181,104.54699144363403,0.5574885279089887,2.2055880069732665,0.02468860047109095,20,sqrt,2,360,"{'max_depth': 20, 'max_features': 'sqrt', 'min_samples_leaf': 2, 'n_estimators': 360}",-0.7832220731806996,-0.7917088873466493,-0.7732461668212094,-0.7853973541156893,-0.7998088957013366,-0.7866766754331168,0.008851303488705964,160,-0.44819869880926655,-0.4459047915404251,-0.44814461706121045,-0.445233392794458,-0.4453779012997889,-0.4465718803010298,0.0013253061118657307
116,40.52468566894531,0.2328611234536315,0.8628741264343261,0.012011069211605933,26,sqrt,2,134,"{'max_depth': 26, 'max_features': 'sqrt', 'min_samples_leaf': 2, 'n_estimators': 134}",-0.7835724030831646,-0.7929806171993018,-0.7721549311664845,-0.7849966570119962,-0.7997398001564517,-0.7866888817234798,0.00931369088626722,161,-0.4255662034764256,-0.42298867765470466,-0.42571460393680416,-0.42266290593077915,-0.4209971883339643,-0.4235859158665356,0.001809033055499884
95,52.99815063476562,0.4417302972653592,1.1330256462097168,0.02030308649147,40,sqrt,2,175,"{'max_depth': 40, 'max_features': 'sqrt', 'min_samples_leaf': 2, 'n_estimators': 175}",-0.7832859934314641,-0.7911820341748012,-0.7737317924731756,-0.7854093042963672,-0.7998666935125464,-0.7866951635776709,0.008659631333384566,162,-0.4237712772156226,-0.41993679625999547,-0.4240027302041268,-0.4204297540622974,-0.4193042313794965,-0.4214889578243078,0.001991591381350889
49,66.41194548606873,0.5364973176996845,1.4244941234588624,0.01758252742338099,20,sqrt,1,200,"{'max_depth': 20, 'max_features': 'sqrt', 'min_samples_leaf': 1, 'n_estimators': 200}",-0.7824255641516016,-0.7908621134541394,-0.7747551865261811,-0.7850043969546895,-0.800897309891697,-0.7867889141956617,0.008748390804356198,163,-0.3479046288182505,-0.34855016315165205,-0.34902967208134184,-0.348300418553982,-0.3479655555007362,-0.3483500876211925,0.00041246351823738433
159,86.81245841979981,0.4590385913601635,1.833376932144165,0.02271896736420271,21,sqrt,2,295,"{'max_depth': 21, 'max_features': 'sqrt', 'min_samples_leaf': 2, 'n_estimators': 295}",-0.7835548678955749,-0.7911027578898481,-0.7729364400907882,-0.7863139393216754,-0.8002132018438816,-0.7868242414083536,0.008959801355481613,164,-0.43969826641223575,-0.43649524310849735,-0.43977350131525617,-0.4376691264810593,-0.4356399198515918,-0.4378552114337281,0.001665433635573599
4,47.2057599067688,0.37357333554472666,1.0097352981567382,0.009491485634657902,44,sqrt,2,156,"{'max_depth': 44, 'max_features': 'sqrt', 'min_samples_leaf': 2, 'n_estimators': 156}",-0.7830145974656247,-0.7919520439674207,-0.7737099335648213,-0.7853883085016921,-0.8006570950716577,-0.7869443957142433,0.009012550968141912,165,-0.4238290044109374,-0.4205299720124815,-0.424441222158887,-0.42077560986774853,-0.4195186892967855,-0.421818899549368,0.001947195531224499
36,39.31505851745605,0.03664955356032498,0.8443161487579346,0.020802437433594764,20,sqrt,1,121,"{'max_depth': 20, 'max_features': 'sqrt', 'min_samples_leaf': 1, 'n_estimators': 121}",-0.7822543131634301,-0.791597497513111,-0.7746934635137442,-0.786043435318614,-0.8026666823657057,-0.7874510783749209,0.009385648204118689,166,-0.3500998509173515,-0.3506919402230873,-0.35096347113836174,-0.3505567663524369,-0.3501977347076926,-0.35050195266778605,0.00031822429034339877
153,30.388031244277954,0.31859512361378983,0.6595517158508301,0.008768379357244418,35,sqrt,2,101,"{'max_depth': 35, 'max_features': 'sqrt', 'min_samples_leaf': 2, 'n_estimators': 101}",-0.7843037977047267,-0.7925190776925439,-0.7754173510521755,-0.7853769115740639,-0.8020064186152943,-0.7879247113277608,0.008893132659972271,167,-0.4255874876784203,-0.4222645573934826,-0.4266987252926356,-0.4228013301728738,-0.422337873379721,-0.42393799478342664,0.0018436511273369719
92,123.55803647041321,0.9074425663460071,2.5278847217559814,0.039991744208418625,38,sqrt,4,470,"{'max_depth': 38, 'max_features': 'sqrt', 'min_samples_leaf': 4, 'n_estimators': 470}",-0.7895655960196494,-0.7954793408195658,-0.7772024225458735,-0.7907451754181491,-0.8045425742838674,-0.7915070218174212,0.008884548955846592,168,-0.5575657605295875,-0.5544628532812336,-0.5587125901668577,-0.5548591224637833,-0.5519851542480535,-0.5555170961379032,0.0023844151798203235
51,122.90661549568176,0.49389190153340123,2.4831535816192627,0.023433218596532142,48,sqrt,4,463,"{'max_depth': 48, 'max_features': 'sqrt', 'min_samples_leaf': 4, 'n_estimators': 463}",-0.7895972085409455,-0.7955555408545568,-0.7771484871972227,-0.7907852932350786,-0.8046957993310678,-0.7915564658317743,0.008951624774115085,169,-0.557591300598837,-0.5544595499626505,-0.5587090713352642,-0.5548701880001881,-0.5520270853452752,-0.5555314390484429,0.0023751661245060268
28,114.57121291160584,0.13952148066566605,2.2948814392089845,0.0072032607684319894,49,sqrt,4,437,"{'max_depth': 49, 'max_features': 'sqrt', 'min_samples_leaf': 4, 'n_estimators': 437}",-0.7895258822813067,-0.7956020380723664,-0.7773226448739672,-0.7907701135854869,-0.8049753715079767,-0.7916392100642209,0.008986019471715281,170,-0.557584581161573,-0.5545467711681669,-0.5587712300425354,-0.5548086039920713,-0.5522635796670676,-0.5555949532062828,0.002317862561520402
40,115.07604608535766,0.8631101951649667,2.3113171577453615,0.012720638303561906,42,sqrt,4,435,"{'max_depth': 42, 'max_features': 'sqrt', 'min_samples_leaf': 4, 'n_estimators': 435}",-0.7895443647741326,-0.7956614468105957,-0.7773255917672164,-0.7907516040446742,-0.8050807660477018,-0.7916727546888641,0.009021131630559563,171,-0.5575921656119576,-0.5546030349371973,-0.5587922262573052,-0.5548064904975113,-0.5522873027693279,-0.5556162440146599,0.0023132346431923028
138,100.79654970169068,0.5696245023512606,2.0533002376556397,0.022836211513027525,46,sqrt,4,385,"{'max_depth': 46, 'max_features': 'sqrt', 'min_samples_leaf': 4, 'n_estimators': 385}",-0.7894486964031265,-0.7958493732439555,-0.7774721120820915,-0.790547058458194,-0.8053049845411354,-0.7917244449457006,0.00906796947054873,172,-0.5577417012929329,-0.5547062109307603,-0.5590942119167973,-0.5547955496345951,-0.5522968845302316,-0.5557269116610634,0.0024113249302565943
60,99.37247023582458,0.23576851433551002,2.02159161567688,0.036250095721815,49,sqrt,4,382,"{'max_depth': 49, 'max_features': 'sqrt', 'min_samples_leaf': 4, 'n_estimators': 382}",-0.789442621309877,-0.7958834082375985,-0.7775238266912754,-0.7904751754498079,-0.8053103359216137,-0.7917270735220344,0.009058679008685202,173,-0.5577353119537567,-0.5547692848471618,-0.5590957795566248,-0.5547616254978688,-0.5522717390975994,-0.5557267481906022,0.0024153669052421234
57,121.31900730133057,1.0453100560197421,2.4411386013031007,0.011129884643611266,29,sqrt,4,456,"{'max_depth': 29, 'max_features': 'sqrt', 'min_samples_leaf': 4, 'n_estimators': 456}",-0.789793384392896,-0.7952660905388881,-0.7775752775413801,-0.7908203932742872,-0.8053398595221415,-0.7917590010539186,0.008973985062297529,174,-0.55806427773385,-0.5547446805171753,-0.5584064820607039,-0.5550007195070992,-0.5525232437019635,-0.5557478807041584,0.0022089273703618305
141,109.64037532806397,0.8064463839297722,2.240674448013306,0.02674577203206456,34,sqrt,4,413,"{'max_depth': 34, 'max_features': 'sqrt', 'min_samples_leaf': 4, 'n_estimators': 413}",-0.7895653413241406,-0.7957912943352077,-0.7774276238527543,-0.7908777053925422,-0.8052495299816466,-0.7917822989772583,0.009046858498118517,175,-0.5577406236457089,-0.5546087919002854,-0.5589369409372098,-0.5549825966795684,-0.5523163532676275,-0.55571706128608,0.0023577507886772616
9,93.86006345748902,0.2069622473975645,1.8896076679229736,0.026444595181335913,45,sqrt,4,356,"{'max_depth': 45, 'max_features': 'sqrt', 'min_samples_leaf': 4, 'n_estimators': 356}",-0.789555936281314,-0.7960678717454318,-0.7776725954539394,-0.7905804121729642,-0.805123214397273,-0.7918000060101844,0.008964703528398543,176,-0.5578602716482381,-0.5548581887154406,-0.5591780553103305,-0.5549682400820477,-0.552188743546265,-0.5558106998604644,0.0024607076518999267
163,76.94106459617615,0.5628177818064022,1.5714593887329102,0.023538565089224184,45,sqrt,4,291,"{'max_depth': 45, 'max_features': 'sqrt', 'min_samples_leaf': 4, 'n_estimators': 291}",-0.7894590266446317,-0.7963298121895088,-0.7777530776882925,-0.7905914672909798,-0.8049322350731531,-0.7918131237773132,0.008913256075212731,177,-0.558011713785301,-0.5549629691075824,-0.5590826331632457,-0.5550035648733017,-0.5522201690446159,-0.5558562099948093,0.002441379930693918
192,96.8267352104187,0.5751152213058123,1.9447912216186523,0.016957374114283226,34,sqrt,4,367,"{'max_depth': 34, 'max_features': 'sqrt', 'min_samples_leaf': 4, 'n_estimators': 367}",-0.789681107077186,-0.7960475253723868,-0.7775489261602265,-0.7906808770907393,-0.8051739090384619,-0.7918264689478001,0.009008159197340958,178,-0.557855931960534,-0.5547241717292534,-0.5590876478537069,-0.5548835749207844,-0.5522332466311156,-0.555756914619079,0.002439064323648889
156,84.547580909729,0.49224149224262,1.7327937602996826,0.016386689865698665,36,sqrt,4,322,"{'max_depth': 36, 'max_features': 'sqrt', 'min_samples_leaf': 4, 'n_estimators': 322}",-0.7894332510694735,-0.7962702769210863,-0.7780589878680312,-0.7905186738449674,-0.805116874282365,-0.7918796127971847,0.0088696058203594,179,-0.5579044616799065,-0.5549985679081508,-0.559048377581117,-0.5548663270627705,-0.5520945919152368,-0.5557824652294363,0.002458587649728759
0,71.6273675918579,0.5934030981942043,1.4558815002441405,0.01763327936180457,45,sqrt,4,272,"{'max_depth': 45, 'max_features': 'sqrt', 'min_samples_leaf': 4, 'n_estimators': 272}",-0.7897044398312155,-0.7964559949126548,-0.777803741868836,-0.7906103633803709,-0.8050431053908262,-0.7919235290767807,0.008929542891291567,180,-0.5581375350816113,-0.5550878278818671,-0.5593109307691722,-0.5553058758746359,-0.5524242786675257,-0.5560532896549624,0.002433794123123941
100,65.31127920150757,0.1397171731543231,1.3154444694519043,0.01979037795773584,45,sqrt,4,251,"{'max_depth': 45, 'max_features': 'sqrt', 'min_samples_leaf': 4, 'n_estimators': 251}",-0.789878360147324,-0.7964490158054065,-0.7777673498341161,-0.7907565869670571,-0.8052910057302606,-0.7920284636968329,0.009000625383025108,181,-0.5583159252895213,-0.5551867231634703,-0.559344023635752,-0.5553283548236697,-0.5526126167508454,-0.5561575287326518,0.002408685087238879
79,64.22800512313843,0.13537302352932057,1.3001223087310791,0.023711655158175846,40,sqrt,4,246,"{'max_depth': 40, 'max_features': 'sqrt', 'min_samples_leaf': 4, 'n_estimators': 246}",-0.7898608491969877,-0.7964863156402197,-0.7778105343109245,-0.7907756991623408,-0.8052285871307028,-0.7920323970882351,0.008972548276629286,182,-0.5584293570630219,-0.5552384253254113,-0.5593574345568394,-0.5553701465386642,-0.5526286196587539,-0.5562047966285382,0.002421047336211459
2,118.68504495620728,0.914178781671226,2.4001356601715087,0.029547387072969528,26,sqrt,4,456,"{'max_depth': 26, 'max_features': 'sqrt', 'min_samples_leaf': 4, 'n_estimators': 456}",-0.789946181614621,-0.7962758653780102,-0.7774986525005497,-0.7912338711768294,-0.8054174175188473,-0.7920743976377715,0.009092597485834656,183,-0.5586389457324606,-0.5547141186095288,-0.5582756595178817,-0.5553001350802841,-0.5525512269624167,-0.5558960171805144,0.002285866838091318
8,102.73786602020263,0.7578046600908228,2.0614532470703124,0.01867517294625747,21,sqrt,4,395,"{'max_depth': 21, 'max_features': 'sqrt', 'min_samples_leaf': 4, 'n_estimators': 395}",-0.7889379173858898,-0.7964578210809625,-0.7784602109088516,-0.7908945849234625,-0.8056708612520611,-0.7920842791102455,0.008951572849289817,184,-0.5627298292137647,-0.5589580805708054,-0.5631918137061561,-0.5588757922689636,-0.5576019591816671,-0.5602714949882712,0.0022526044266001416
164,61.873336696624754,0.4607513599719418,1.2534014701843261,0.026752440636853284,31,sqrt,4,232,"{'max_depth': 31, 'max_features': 'sqrt', 'min_samples_leaf': 4, 'n_estimators': 232}",-0.7901310991215955,-0.7965407570836486,-0.7776601982960474,-0.790764490160673,-0.8054176964561149,-0.7921028482236159,0.009069171431400963,185,-0.5586734485726217,-0.5552697334837051,-0.5594288993085724,-0.5552476456440284,-0.553359396318379,-0.5563958246654613,0.0022888165490053823
20,41.79659204483032,0.17906863443452717,0.8499068260192871,0.011493589410044283,44,sqrt,4,160,"{'max_depth': 44, 'max_features': 'sqrt', 'min_samples_leaf': 4, 'n_estimators': 160}",-0.790617318537902,-0.7965539841790864,-0.778072930732908,-0.7910161215018583,-0.8044123692609741,-0.7921345448425458,0.0086204205732201,186,-0.5588687586482527,-0.5557062310494951,-0.5597318074339965,-0.5561220236154982,-0.5523040952164917,-0.5565465831927469,0.0026238635292701153
56,108.64897117614746,0.547076512957181,2.1934436321258546,0.012234451274895839,26,sqrt,4,416,"{'max_depth': 26, 'max_features': 'sqrt', 'min_samples_leaf': 4, 'n_estimators': 416}",-0.7901053218116186,-0.7962857475342802,-0.7777307548140682,-0.7912090011584464,-0.8054551825256866,-0.7921572015688201,0.00902344557075665,187,-0.5586386428186584,-0.5547838635081129,-0.5583224960765136,-0.5553733487713493,-0.5526148534293576,-0.5559466409207984,0.0022659693302078707
185,44.48108568191528,0.14550815796421385,0.909567928314209,0.01426566606463395,43,sqrt,4,170,"{'max_depth': 43, 'max_features': 'sqrt', 'min_samples_leaf': 4, 'n_estimators': 170}",-0.7908568119944445,-0.7963177648041136,-0.7782641728388049,-0.7910065659474002,-0.8044557835495363,-0.7921802198268599,0.00853925030247633,188,-0.5588351216635863,-0.5553680846220143,-0.5597845118610258,-0.556039711672574,-0.5524355527084458,-0.5564925965055292,0.0026173791029740056
44,106.1090563774109,0.4489347009422438,2.147812604904175,0.01803643849238967,26,sqrt,4,405,"{'max_depth': 26, 'max_features': 'sqrt', 'min_samples_leaf': 4, 'n_estimators': 405}",-0.7899975738859176,-0.7963338780932736,-0.7777058166582018,-0.7913941968120339,-0.8055288061685977,-0.7921920543236048,0.009058996154239345,189,-0.5586566785238639,-0.5547675512777238,-0.558375079904948,-0.5554456035974396,-0.5526690596959457,-0.5559827945999842,0.0022635774225099633
168,39.76107649803161,0.364492577359923,0.8059984683990479,0.007254630350826628,43,sqrt,4,149,"{'max_depth': 43, 'max_features': 'sqrt', 'min_samples_leaf': 4, 'n_estimators': 149}",-0.7908412352215842,-0.796597751023726,-0.7780538062415262,-0.7907664018424969,-0.8047445157317582,-0.7922007420122184,0.008726068181152883,190,-0.5589618601384072,-0.5556992486734734,-0.5595537697337266,-0.5560721866642078,-0.5525048266467947,-0.5565583783713219,0.002535936190675533
172,73.5613043308258,0.8483395115321178,1.4856476306915283,0.029224556553498704,22,sqrt,4,281,"{'max_depth': 22, 'max_features': 'sqrt', 'min_samples_leaf': 4, 'n_estimators': 281}",-0.7890621677359003,-0.7969170558405663,-0.778424629117628,-0.7921722351841275,-0.8051813388045812,-0.7923514853365606,0.008834688891816274,191,-0.5600165003870262,-0.557329097859372,-0.5612467027666833,-0.558126464764927,-0.55597761650496,-0.5585392764565937,0.0018819880553798403
50,82.52928342819214,0.6535707425400016,1.6772603034973144,0.017688923362244362,23,sqrt,4,311,"{'max_depth': 23, 'max_features': 'sqrt', 'min_samples_leaf': 4, 'n_estimators': 311}",-0.7905170520963567,-0.7961183757038957,-0.777465338754789,-0.7918522564154397,-0.8058947874097241,-0.7923695620760409,0.009195875109247242,192,-0.5600156611761584,-0.5560891993813367,-0.5601579075916759,-0.5566427332112037,-0.5540596274451074,-0.5573930257610964,0.002362085287597653
37,90.44984183311462,0.04583773781944782,1.8278948783874511,0.012471041730168839,26,sqrt,4,347,"{'max_depth': 26, 'max_features': 'sqrt', 'min_samples_leaf': 4, 'n_estimators': 347}",-0.7899913953283421,-0.796683529907258,-0.7780723502185758,-0.7913107017173079,-0.8058807893036511,-0.792387753295027,0.009081289052541483,193,-0.5586519309528922,-0.5550088235236583,-0.5585271996116287,-0.5554508183637493,-0.5528072392871864,-0.556089202347823,0.002229683502552417
52,34.06200857162476,0.33582565774320045,0.6976343154907226,0.014451400514831085,42,sqrt,4,128,"{'max_depth': 42, 'max_features': 'sqrt', 'min_samples_leaf': 4, 'n_estimators': 128}",-0.791030058325261,-0.796623092444745,-0.7784783131685689,-0.7910499983999632,-0.8052020249849973,-0.7924766974647071,0.008708726080806844,194,-0.5591251739633514,-0.5558106160120194,-0.5598698285100087,-0.5566225487582391,-0.5532668046372481,-0.5569389943761733,0.0023760270599434046
148,41.02454452514648,0.17411040056764365,0.845288610458374,0.01067360847515057,30,sqrt,4,158,"{'max_depth': 30, 'max_features': 'sqrt', 'min_samples_leaf': 4, 'n_estimators': 158}",-0.7900714004207631,-0.7974028808289229,-0.7778954397611035,-0.7911823458454449,-0.8058528424568908,-0.7924809818626251,0.009200677386065233,195,-0.5588016206618039,-0.5559508699211895,-0.5592941309355849,-0.556102108045298,-0.5532547100373373,-0.5566806879202428,0.0021878369923857446
32,31.777583742141722,0.17660604746573688,0.6385766983032226,0.009840280464833605,45,sqrt,4,122,"{'max_depth': 45, 'max_features': 'sqrt', 'min_samples_leaf': 4, 'n_estimators': 122}",-0.7908948214335589,-0.7965502663133648,-0.7789600082330791,-0.7909450876808253,-0.805437378255505,-0.7925575123832667,0.00862658220343161,196,-0.5591611269724467,-0.5556966312996627,-0.5601751474074124,-0.5565843800775138,-0.5533682118825801,-0.5569970995279231,0.002441859275427692
42,43.34362001419068,0.08745397320655067,0.8741212368011475,0.015177733168898748,29,sqrt,4,165,"{'max_depth': 29, 'max_features': 'sqrt', 'min_samples_leaf': 4, 'n_estimators': 165}",-0.7903141767759521,-0.7971062673687209,-0.7785253346238732,-0.7919782692306347,-0.8056536004578263,-0.7927155296914015,0.008880810068615371,197,-0.5596366412454415,-0.5560504862596481,-0.5591994859091465,-0.556049583926562,-0.5534208067154512,-0.5568714008112499,0.0022944462595095444
15,44.211203813552856,0.22651660457461123,0.8805051326751709,0.014792546372960411,29,sqrt,4,168,"{'max_depth': 29, 'max_features': 'sqrt', 'min_samples_leaf': 4, 'n_estimators': 168}",-0.790424212724167,-0.7969683338031879,-0.7785752642701272,-0.7918543927229893,-0.805783421484022,-0.7927211250008985,0.008885885197167608,198,-0.5595093358651363,-0.5557955471449368,-0.5591927908381805,-0.5559755234812358,-0.5534466219606377,-0.5567839638580254,0.002280284823396544
102,49.09926614761353,0.35469013830133095,0.9809765338897705,0.017940254066349744,21,sqrt,4,188,"{'max_depth': 21, 'max_features': 'sqrt', 'min_samples_leaf': 4, 'n_estimators': 188}",-0.7901246291270385,-0.7979927362190562,-0.7792844877060947,-0.7918456330165864,-0.8063124534526578,-0.7931119879042867,0.008942054838821567,199,-0.5632339431807643,-0.5601755093993133,-0.5642803390313751,-0.559627625322173,-0.5581276872261888,-0.5610890208319629,0.0023032533699352204
54,53.603866767883304,0.1831537706577969,1.083612060546875,0.015563149114986559,27,sqrt,4,203,"{'max_depth': 27, 'max_features': 'sqrt', 'min_samples_leaf': 4, 'n_estimators': 203}",-0.7906251690775558,-0.7973536220882986,-0.7789008571104344,-0.792782170321605,-0.8071399132791335,-0.7933603463754054,0.009194727045183797,200,-0.5591568846090467,-0.5555486555512117,-0.5592906441316718,-0.5565929171253161,-0.5535580371187907,-0.5568294277072073,0.002185083653816237
